"SURVEYID","AGE","SEX","HAPPY","PERSONAL","HHINC","MARSTAT","EDUC","RELIG_IMP","SAT_WORK","MENT_HEALTH","PHYS_HEALTH","SLEEPHRS"
"2021_1336",47,2,2,4,2,4,4,1,4,2,5,7
"2021_733",51,2,2,2,9,1,6,1,5,1,2,8
"2021_2880",45,2,2,2,7,1,2,2,5,1,3,5
"2021_3971",36,1,1,2,9,1,5,2,4,2,2,8
"2021_3279",52,1,2,2,12,1,6,2,3,2,2,7
"2021_2538",61,1,2,2,6,1,5,3,5,1,1,7
"2021_2879",47,1,2,2,10,1,5,4,4,2,2,7
"2021_706",39,2,1,4,6,1,5,1,5,2,2,7
"2021_2308",32,1,2,2,8,1,6,2,2,2,2,8
"2021_738",36,1,1,2,3,5,3,1,4,1,1,12
"2021_1092",33,2,3,2,8,6,6,3,2,1,1,7
"2021_2769",48,1,2,2,7,1,5,1,4,2,2,7
"2021_1515",37,2,1,2,6,6,5,2,5,1,2,10
"2021_1735",18,2,2,4,4,5,1,2,3,4,5,6
"2021_2473",53,1,2,1,9,1,5,3,1,2,3,7
"2021_777",50,2,2,3,4,1,5,2,3,3,3,6
"2021_686",41,2,1,2,8,3,3,1,4,1,2,7
"2021_2059",41,1,2,3,3,6,2,2,5,2,2,6
"2021_675",44,1,2,3,11,6,6,2,5,2,2,8
"2021_2721",62,1,2,1,3,1,5,2,3,1,3,8
"2021_3647",33,1,1,2,7,1,5,3,5,1,2,7
"2021_2700",60,1,2,2,9,1,5,2,4,2,3,8
"2021_2084",52,2,1,2,2,2,5,1,4,2,2,8
"2021_1383",37,1,3,2,12,1,6,2,2,2,4,6
"2021_663",59,2,1,1,4,1,3,1,2,1,2,8
"2021_2530",58,1,2,1,8,6,4,4,1,4,4,6
"2021_1083",32,2,2,2,8,1,2,1,5,2,5,12
"2021_646",20,1,2,2,6,5,3,3,1,1,1,7
"2021_492",38,2,1,2,11,1,5,3,5,3,2,5
"2021_643",48,2,2,3,3,5,5,1,5,2,3,6
"2021_980",41,1,1,2,5,5,3,1,4,1,2,8
"2021_671",58,2,2,2,12,1,6,1,4,2,3,8
"2021_887",28,2,2,2,5,5,5,2,4,3,3,8
"2021_633",56,2,2,2,7,4,3,3,4,3,4,5
"2021_3772",19,1,1,4,4,5,4,4,4,2,3,7
"2021_2241",43,1,2,2,3,5,1,3,4,3,4,7
"2021_2510",57,1,2,3,10,1,5,4,4,2,2,7
"2021_964",24,1,2,2,3,5,3,2,2,3,4,6
"2021_2363",59,1,2,3,12,2,6,2,2,1,1,6
"2021_2532",57,1,2,2,8,4,3,1,5,1,2,8
"2021_2464",31,1,2,2,10,1,6,4,4,1,1,8
"2021_2729",33,1,1,2,8,1,5,3,1,2,2,9
"2021_385",51,2,2,4,6,1,5,1,2,2,2,7
"2021_2730",32,1,2,2,10,1,5,2,4,2,2,8
"2021_498",45,1,2,2,10,1,3,2,1,1,3,6
"2021_3834",31,1,2,2,7,1,5,3,4,2,2,7
"2021_2271",40,1,1,2,8,1,5,2,4,2,2,7
"2021_1476",61,1,2,1,4,1,4,1,2,1,2,6
"2021_583",49,2,2,1,8,1,3,1,5,3,2,8
"2021_2926",54,1,3,1,9,1,2,1,1,2,2,16
"2021_3830",20,1,1,3,6,2,2,3,2,3,2,7
"2021_767",46,2,3,2,8,1,5,3,1,4,4,7
"2021_2941",53,1,2,2,11,1,5,4,5,3,3,7
"2021_1119",20,2,2,3,3,3,2,3,1,2,1,7
"2021_2012",36,2,2,2,3,6,4,3,3,1,1,7
"2021_3124",39,2,4,2,3,5,5,4,1,2,2,8
"2021_548",61,2,2,2,2,2,2,1,5,3,3,7
"2021_2200",56,1,1,1,11,2,5,3,5,2,2,5
"2021_904",53,2,1,2,1,1,4,1,4,1,1,8
"2021_305",61,2,1,2,6,1,2,2,5,1,2,6
"2021_3033",26,2,1,2,1,5,5,1,1,1,1,6
"2021_3193",25,1,1,3,2,5,4,1,5,1,1,6
"2021_3643",31,1,1,1,12,1,5,1,5,1,1,8
"2021_3778",21,1,2,2,3,4,2,2,3,3,3,5
"2021_2415",33,2,2,1,2,5,2,1,5,1,3,2
"2021_3541",36,1,1,5,9,1,5,1,5,1,1,8
"2021_2411",35,1,1,2,10,1,6,2,5,1,1,8
"2021_2696",59,1,1,2,9,1,6,2,5,1,2,6
"2021_2282",40,1,1,3,12,1,6,1,5,1,1,10
"2021_2449",48,1,3,1,9,1,6,3,4,3,3,8
"2021_2006",63,1,2,1,5,1,5,1,1,1,2,6
"2021_2471",56,1,2,2,11,5,3,1,5,2,1,9
"2021_3663",34,1,1,4,5,1,5,2,5,1,2,8
"2021_2622",61,1,2,2,11,1,5,3,5,3,3,6
"2021_341",59,2,2,1,3,2,2,2,2,1,2,8
"2021_3264",30,1,2,2,4,5,2,1,5,2,3,8
"2021_2284",30,1,3,3,12,1,5,2,4,1,2,8
"2021_3463",52,1,2,2,10,2,6,4,3,2,2,8
"2021_3503",44,1,1,2,7,1,5,2,1,1,1,8
"2021_755",25,2,1,3,7,5,5,3,2,1,2,8
"2021_1799",28,2,1,2,7,1,5,1,5,2,5,6
"2021_227",46,1,4,1,3,3,3,1,1,4,3,8
"2021_2433",63,1,1,2,7,2,6,2,1,2,2,8
"2021_2294",25,2,3,1,7,5,2,4,4,4,3,14
"2021_3433",31,2,1,1,4,1,5,3,1,1,2,7
"2021_2371",58,1,1,3,8,5,5,2,5,1,2,6
"2021_1915",53,1,2,2,3,3,2,4,1,2,2,8
"2021_1397",26,1,2,2,5,5,5,2,4,4,4,7
"2021_2947",59,1,1,1,2,4,3,2,4,2,2,8
"2021_3984",43,1,1,2,7,1,6,1,5,1,2,8
"2021_660",43,2,2,2,6,5,5,4,5,1,2,6
"2021_1894",57,1,2,2,5,1,6,1,2,2,3,5
"2021_1930",48,2,1,2,6,1,2,3,5,1,2,8
"2021_1085",46,1,2,4,9,1,5,4,4,1,2,6
"2021_2556",48,1,2,1,10,1,5,4,3,2,2,6
"2021_1358",21,2,2,3,10,5,3,1,5,2,2,8
"2021_2491",61,1,2,3,8,1,4,4,2,2,3,9
"2021_2820",49,2,2,3,9,1,5,3,4,2,2,7
"2021_2267",60,1,1,2,9,1,6,2,4,2,2,8
"2021_2552",31,1,1,4,2,5,2,4,4,1,2,3
"2021_2343",31,1,2,1,11,1,6,1,4,1,1,8
"2021_2224",27,1,1,2,11,1,5,2,5,2,2,7
"2021_3991",29,2,1,2,2,1,5,1,5,2,3,6
"2021_2684",56,1,2,1,9,1,5,1,5,1,2,9
"2021_3857",30,1,2,2,7,1,5,3,4,1,2,8
"2021_2907",40,1,2,2,10,1,6,2,4,2,2,8
"2021_987",22,2,2,1,8,3,3,2,4,3,3,9
"2021_508",49,2,2,3,5,1,4,1,1,1,4,7
"2021_789",18,1,4,2,2,5,2,4,1,4,5,6
"2021_2678",62,1,2,2,9,1,4,2,4,1,2,6.5
"2021_275",64,2,1,5,4,1,2,1,5,1,2,7
"2021_1878",53,2,2,2,4,1,5,4,5,3,3,6
"2021_2428",51,1,1,1,9,1,2,4,5,1,2,7
"2021_758",29,2,1,2,2,1,2,1,5,1,1,11
"2021_3654",34,1,1,2,10,1,5,3,4,2,2,6
"2021_1382",35,1,1,4,11,1,5,1,5,1,1,8
"2021_2828",45,1,2,2,9,1,5,1,1,2,2,8
"2021_3617",45,1,2,1,4,5,6,4,3,3,4,6.5
"2021_1967",59,1,3,3,9,1,6,4,4,3,3,7
"2021_3950",39,1,3,2,12,1,6,2,4,1,2,6
"2021_1375",52,1,2,3,9,1,6,2,2,2,2,9
"2021_3667",32,1,1,2,10,5,6,2,2,1,2,7
"2021_325",61,2,2,2,9,4,6,2,4,2,3,5
"2021_4009",33,1,1,3,11,1,6,2,4,1,2,8
"2021_1485",35,2,2,3,4,1,2,1,5,2,3,7
"2021_319",62,2,1,3,5,1,3,1,5,2,2,8
"2021_310",53,2,1,1,5,1,4,4,5,2,2,7
"2021_3065",38,2,2,2,1,6,3,1,1,3,4,6
"2021_1714",47,1,1,5,12,1,5,1,4,1,2,9
"2021_2917",63,1,2,3,12,6,5,3,5,2,2,7
"2021_2692",58,1,2,3,9,1,6,1,5,2,2,7.5
"2021_1106",40,2,1,2,7,5,5,1,5,1,4,6
"2021_2948",60,1,1,2,3,5,5,4,3,1,2,8
"2021_2186",49,1,2,2,9,5,6,3,5,2,2,8
"2021_283",62,2,3,2,1,2,2,2,5,3,3,8
"2021_260",37,1,1,2,9,6,5,4,1,2,2,7
"2021_1406",38,2,2,1,8,2,6,1,2,3,2,8
"2021_3272",28,1,1,3,10,1,6,1,2,1,1,7
"2021_3530",40,1,1,3,11,1,6,1,5,2,2,8
"2021_1644",48,2,2,2,8,1,3,1,5,2,2,9
"2021_949",63,2,2,2,2,4,3,2,4,2,3,7
"2021_2005",51,1,2,1,9,1,2,3,3,2,3,5
"2021_2340",30,2,2,4,9,1,5,1,4,3,3,8
"2021_1630",64,1,1,1,8,1,3,1,5,1,3,6.5
"2021_1209",64,1,2,2,9,1,3,3,4,2,4,6
"2021_247",38,2,2,2,4,1,6,4,4,2,2,6
"2021_3607",50,1,1,2,2,1,6,1,5,1,3,6
"2021_424",25,1,2,3,6,1,4,3,4,4,3,12
"2021_2511",27,1,3,2,4,5,5,3,4,4,4,7
"2021_2159",57,1,2,3,7,1,5,1,4,2,3,7
"2021_233",48,2,1,1,3,2,2,1,1,1,3,16
"2021_2388",63,1,2,3,4,1,5,2,5,2,3,9
"2021_841",54,2,2,2,3,2,6,1,4,1,2,8
"2021_3815",27,1,1,5,5,4,2,1,3,3,1,24
"2021_739",25,1,1,2,3,5,2,4,4,1,2,10
"2021_221",61,1,2,3,7,1,5,3,4,2,3,8
"2021_215",30,2,2,4,6,2,4,1,4,3,3,6
"2021_582",41,1,1,2,7,1,5,1,5,1,2,7
"2021_1649",35,1,2,2,3,1,4,1,1,1,1,4
"2021_2789",49,2,2,2,7,1,4,1,4,2,2,8
"2021_806",35,1,2,2,3,5,6,1,4,3,2,6
"2021_723",36,1,1,2,6,1,2,1,5,2,2,8
"2021_2543",60,1,2,1,4,1,3,1,1,2,2,9
"2021_3850",44,1,1,4,12,1,6,1,5,1,1,6
"2021_44",35,1,2,2,5,1,2,2,4,2,4,6
"2021_577",46,2,2,2,6,2,5,1,4,2,2,6
"2021_2156",58,2,2,4,9,1,4,1,4,2,2,7
"2021_1504",61,2,2,3,10,2,6,1,2,2,3,7
"2021_924",61,2,1,2,9,5,5,1,1,1,3,8
"2021_1199",51,1,1,2,10,1,5,2,5,1,1,7
"2021_2583",64,1,2,3,8,1,5,1,3,1,2,7
"2021_876",34,1,2,2,9,1,5,2,4,3,3,8
"2021_3981",35,1,1,2,9,1,6,4,5,1,2,8
"2021_1071",33,2,2,2,7,5,2,1,1,2,3,8
"2021_1149",54,1,2,2,10,1,5,1,4,2,3,7
"2021_78",60,2,3,1,9,1,2,1,1,1,2,7
"2021_143",38,2,2,3,9,6,5,2,4,2,2,8
"2021_2720",64,1,2,2,9,1,5,4,4,2,3,7
"2021_971",30,1,1,3,3,1,5,2,1,2,1,5
"2021_1850",41,2,2,2,11,1,6,1,4,2,1,4
"2021_1314",27,2,1,2,5,1,2,1,5,1,1,6
"2021_139",33,1,1,2,8,1,4,2,4,2,2,7
"2021_2263",57,1,2,2,9,1,5,2,4,1,2,8
"2021_57",57,2,2,3,9,1,6,4,3,1,1,8
"2021_2447",30,1,1,2,9,1,5,3,5,1,1,7
"2021_2739",45,1,1,5,11,1,6,1,1,2,2,7
"2021_2280",28,1,1,1,1,5,2,2,5,1,1,8
"2021_1879",53,2,2,2,3,5,5,2,2,2,3,6
"2021_2708",45,1,2,3,6,1,3,3,5,3,4,6.5
"2021_742",43,2,1,2,1,1,4,2,2,3,3,7
"2021_3538",45,1,1,3,12,1,6,1,5,1,3,8
"2021_1560",36,1,1,2,5,1,2,1,3,2,2,8
"2021_462",41,1,3,2,3,5,4,2,3,1,4,7
"2021_636",35,1,1,1,12,1,5,1,5,2,1,10
"2021_3442",42,2,1,2,5,1,4,3,4,4,2,5
"2021_3260",22,2,2,1,1,1,5,2,3,4,2,2
"2021_3491",44,2,2,1,5,1,5,2,4,2,2,7
"2021_2787",45,1,2,3,7,1,3,4,5,3,3,7
"2021_3407",50,1,2,3,4,5,5,1,3,3,4,5
"2021_726",26,2,1,2,6,5,5,1,5,1,1,8
"2021_771",44,2,1,2,4,5,4,1,1,3,4,7
"2021_802",20,1,2,1,1,5,2,1,3,2,2,6
"2021_3659",33,1,1,2,10,1,6,2,5,2,1,8
"2021_2458",60,1,2,2,6,2,2,2,4,2,3,6
"2021_661",32,2,1,2,2,5,5,1,4,1,2,8
"2021_2180",36,1,1,3,8,1,4,2,5,1,1,8
"2021_1978",54,2,2,2,3,2,2,3,4,2,3,7
"2021_3574",32,1,1,4,10,1,6,3,4,1,1,8
"2021_3384",54,1,2,1,5,6,5,1,4,2,2,6
"2021_339",43,1,2,2,1,2,4,1,5,1,1,4
"2021_1941",40,2,2,2,9,1,5,4,5,1,1,7
"2021_3965",39,1,1,3,7,1,6,1,5,1,1,8
"2021_3481",44,2,3,2,9,1,6,2,3,3,2,7
"2021_810",24,1,1,2,7,5,6,1,5,1,1,9
"2021_1698",42,1,2,2,2,6,3,3,5,2,2,9
"2021_170",53,1,1,1,2,5,2,1,5,1,3,8
"2021_725",48,2,1,2,1,5,2,2,5,1,1,9
"2021_1657",40,2,2,5,11,1,5,4,5,2,2,7
"2021_823",19,2,1,2,1,6,1,1,5,1,2,8
"2021_770",36,2,1,2,1,5,2,1,4,2,3,12
"2021_2421",34,1,1,3,9,1,6,3,5,1,1,8
"2021_2628",47,1,2,2,10,1,5,2,5,2,1,7
"2021_832",35,1,1,3,12,1,5,1,5,1,1,8
"2021_1529",25,2,1,4,7,1,6,1,5,1,2,12
"2021_3533",41,1,1,2,6,1,5,1,5,1,1,8
"2021_322",56,2,3,2,2,3,2,2,2,3,5,7
"2021_3482",35,1,2,1,2,1,4,1,5,1,2,7
"2021_910",39,1,2,2,6,5,6,2,2,2,2,6
"2021_743",43,2,2,2,5,2,6,1,2,3,3,6
"2021_1722",53,2,2,2,2,1,5,4,2,2,4,8
"2021_326",56,2,1,3,4,1,4,2,4,2,3,6
"2021_875",34,2,2,1,5,5,4,4,3,3,3,6
"2021_3459",40,1,2,3,8,1,6,1,4,1,2,6
"2021_2408",53,1,2,2,3,4,3,2,1,2,3,3
"2021_79",57,2,1,4,10,6,6,3,4,1,2,9
"2021_1551",41,1,2,2,11,1,5,1,5,2,3,6
"2021_374",54,1,3,2,4,1,6,3,5,5,5,7
"2021_3511",33,1,1,1,9,5,5,2,4,2,2,9
"2021_3698",24,1,1,3,4,5,2,3,5,2,2,8
"2021_648",27,2,3,1,3,5,5,1,1,5,5,2
"2021_3041",61,1,1,2,3,1,6,1,1,1,1,7
"2021_2354",31,1,1,5,3,5,2,2,3,4,4,6
"2021_3258",42,1,2,3,3,5,5,4,3,1,1,7
"2021_2768",45,1,2,1,9,1,5,4,5,2,1,8
"2021_1585",20,2,2,2,2,5,2,3,3,4,2,6
"2021_1920",49,2,2,1,10,1,4,2,2,2,3,7
"2021_2477",60,1,2,2,7,1,5,3,4,2,2,6
"2021_889",57,1,2,2,3,2,3,1,2,2,3,8
"2021_1195",40,2,2,1,11,1,5,2,4,3,3,6
"2021_2269",54,1,2,1,4,2,3,2,2,2,2,7
"2021_2761",45,1,2,3,10,1,5,1,1,2,2,6
"2021_2190",44,1,1,2,8,4,5,2,5,2,3,4
"2021_2758",48,1,2,2,8,1,4,1,5,2,3,6
"2021_1880",58,2,2,2,7,1,6,1,4,2,3,8
"2021_55",21,2,1,3,1,1,6,2,3,3,3,2
"2021_2996",29,2,1,1,3,6,2,1,5,1,1,8
"2021_1763",31,3,2,1,3,1,2,1,1,2,4,6
"2021_2939",63,1,2,3,9,1,5,3,4,2,2,7
"2021_2519",52,1,2,2,5,6,3,4,4,2,2,6
"2021_2486",49,1,1,4,10,1,6,1,5,2,2,7
"2021_514",55,2,1,3,5,1,3,1,5,2,1,7
"2021_1512",61,2,1,2,8,1,4,1,5,1,1,8
"2021_1038",18,2,1,2,2,5,1,1,1,4,4,11
"2021_1885",63,1,1,1,3,1,3,1,1,1,3,8
"2021_3212",29,2,1,2,1,5,5,2,2,1,1,8
"2021_528",37,2,2,2,2,1,4,1,3,3,3,7
"2021_2707",62,1,2,1,3,2,5,2,4,3,4,7
"2021_1132",37,2,2,2,1,5,4,1,3,2,3,8
"2021_1952",44,2,2,2,3,1,2,1,4,3,3,7
"2021_938",29,2,2,3,4,5,5,1,5,2,2,8
"2021_1886",40,2,2,2,5,2,4,2,4,4,3,7
"2021_3970",52,1,3,3,10,1,4,4,1,3,4,8
"2021_858",46,2,2,2,3,2,3,4,1,1,1,6
"2021_2950",31,1,1,2,9,1,6,2,5,1,1,12
"2021_2938",56,1,1,2,3,5,5,2,5,1,1,7
"2021_2567",53,1,2,4,4,5,6,1,4,3,3,7
"2021_3253",59,2,2,2,3,2,5,3,4,2,3,7
"2021_3418",48,2,2,2,6,3,5,1,4,2,3,6
"2021_2444",28,1,2,2,3,5,2,3,4,2,3,8
"2021_606",34,1,2,2,5,1,4,2,4,2,2,6
"2021_1774",48,1,2,2,6,1,3,1,5,1,3,7
"2021_1208",29,1,1,1,2,5,5,2,1,1,1,8
"2021_2685",58,1,2,3,11,1,5,3,1,2,2,7
"2021_3537",31,1,2,2,6,1,5,2,5,1,1,7
"2021_3271",53,2,1,2,6,5,5,2,5,1,2,6
"2021_3201",62,1,2,2,8,2,6,1,5,1,2,6
"2021_1316",35,1,1,1,7,1,5,2,5,2,3,8
"2021_1472",49,1,2,1,2,5,2,3,5,2,2,7
"2021_836",45,2,1,2,7,1,5,1,4,2,2,7
"2021_408",58,2,1,2,6,1,2,1,4,1,1,6.5
"2021_3631",30,1,1,3,9,1,6,1,5,1,1,8
"2021_2973",42,1,1,2,1,5,3,1,5,1,1,8
"2021_1890",56,2,2,3,9,1,5,2,4,1,1,8
"2021_2500",57,1,2,2,11,1,6,4,5,1,1,7
"2021_1289",30,2,1,4,9,6,4,2,4,2,2,8
"2021_2546",52,1,2,2,8,1,3,2,3,2,3,6
"2021_1807",42,1,2,2,1,5,2,4,4,2,3,8
"2021_580",52,3,4,1,3,3,3,2,3,3,3,8
"2021_1454",59,2,1,2,8,1,5,1,4,1,2,8
"2021_2249",37,1,1,3,10,1,5,1,5,2,2,6
"2021_2776",53,1,2,2,5,5,3,3,1,2,3,8
"2021_2875",53,2,2,2,7,6,5,4,4,2,2,7
"2021_1994",63,2,2,2,4,1,2,2,2,2,2,7
"2021_2604",59,1,1,3,12,1,6,1,5,3,4,6
"2021_3957",54,1,2,3,6,1,5,4,4,2,2,6
"2021_3308",42,2,1,1,6,1,3,1,2,1,1,8
"2021_2882",48,2,2,3,8,5,3,4,4,2,3,7
"2021_1439",29,2,2,3,4,6,5,4,4,3,3,8
"2021_3721",18,1,1,3,4,5,2,3,3,1,3,9
"2021_1298",20,1,2,2,11,1,5,1,3,2,2,8
"2021_1440",63,1,2,3,6,2,3,2,4,2,3,6.5
"2021_3645",33,1,2,1,6,1,5,4,4,1,2,7
"2021_1159",61,1,2,1,6,5,6,4,1,3,2,7
"2021_3144",40,2,2,3,3,6,5,4,4,4,2,8
"2021_522",48,1,1,3,10,1,6,2,4,3,1,6
"2021_1041",26,2,1,4,12,1,5,2,5,1,1,8
"2021_2110",57,2,2,2,5,1,3,2,4,3,2,7
"2021_3489",42,2,2,2,5,2,5,2,4,2,2,8
"2021_1426",34,1,1,2,9,1,6,1,5,1,2,8
"2021_1883",60,2,2,1,7,1,4,1,5,2,2,9
"2021_2641",52,1,1,4,5,1,3,1,5,1,1,8
"2021_3669",26,1,2,2,3,5,3,2,3,2,2,8
"2021_604",23,1,2,3,7,5,5,4,4,3,2,8
"2021_2547",53,1,2,1,7,1,3,2,3,1,2,6
"2021_1667",31,2,2,2,5,1,3,2,5,3,2,8
"2021_3163",33,1,2,4,3,5,4,3,5,2,5,8
"2021_1156",35,2,2,2,9,1,5,1,3,2,2,7
"2021_2715",52,1,3,2,9,1,4,1,1,2,2,7
"2021_3207",64,2,1,2,8,1,5,1,5,1,2,8
"2021_1328",46,2,2,2,9,1,3,4,3,2,4,8
"2021_1275",35,2,2,2,8,1,4,3,4,2,3,10
"2021_2081",47,1,1,4,8,1,5,1,5,1,2,8
"2021_840",25,2,3,2,2,5,3,2,4,3,4,6
"2021_1882",30,2,2,3,5,1,3,1,1,2,2,7
"2021_1400",25,2,1,3,10,1,5,2,5,1,2,12
"2021_812",33,2,2,2,6,5,4,4,4,4,3,7
"2021_2630",62,1,2,3,6,1,4,2,4,2,3,7
"2021_3089",33,2,2,3,7,5,5,1,5,2,2,6
"2021_1143",56,2,1,1,1,5,3,1,3,2,2,10
"2021_98",30,1,1,3,10,1,6,3,5,1,1,8
"2021_1376",55,2,1,2,4,1,2,1,5,2,3,6
"2021_918",30,1,1,3,10,1,5,1,5,1,1,8
"2021_2540",31,1,1,2,10,1,6,1,5,1,2,8
"2021_2078",57,2,2,4,9,1,6,1,5,2,2,6
"2021_1296",49,2,2,2,4,1,5,1,5,2,2,6.5
"2021_2025",50,2,1,2,6,1,3,1,5,2,3,8
"2021_3763",23,1,2,3,11,5,5,2,4,2,2,9
"2021_988",18,3,1,1,5,2,2,3,5,3,2,0
"2021_2745",52,1,1,1,11,1,4,3,5,1,1,6
"2021_2119",38,2,1,1,5,1,2,1,5,1,3,6
"2021_2385",52,1,1,3,3,6,2,1,5,3,3,8
"2021_2472",52,1,2,3,8,1,3,1,3,2,2,8
"2021_1011",20,2,2,2,1,5,2,2,1,4,3,5
"2021_3018",30,2,2,2,3,5,3,3,4,2,3,7
"2021_1045",42,2,2,2,10,1,5,3,5,3,3,7
"2021_213",57,1,1,1,2,1,4,1,5,1,1,10
"2021_1404",19,2,1,2,2,5,3,3,2,4,1,5
"2021_1367",60,1,1,3,4,1,6,1,5,1,1,9
"2021_2515",61,1,1,1,6,1,2,4,4,1,2,5
"2021_2965",23,1,1,3,5,5,5,1,4,2,2,7
"2021_1721",50,2,3,2,4,1,5,2,3,3,3,7
"2021_1134",53,1,1,3,9,1,6,4,5,1,2,8
"2021_3245",60,2,2,2,2,1,5,2,3,3,3,9
"2021_1874",61,2,2,2,7,1,4,1,3,1,2,7
"2021_2693",62,1,1,2,8,1,3,2,5,1,2,6
"2021_1806",43,1,1,3,4,5,6,1,5,2,3,7
"2021_571",37,2,2,2,5,1,3,4,4,3,3,8
"2021_3043",44,2,1,3,2,5,3,2,1,1,3,7
"2021_3548",35,1,1,2,8,1,6,2,1,1,1,8
"2021_3546",34,1,1,2,9,1,6,1,4,3,3,7
"2021_3390",37,2,1,2,2,5,2,1,2,3,3,5
"2021_1218",24,1,1,2,3,2,4,2,1,3,2,5
"2021_1979",45,1,2,2,2,3,2,4,5,2,3,6
"2021_2751",50,1,2,1,9,1,2,2,2,3,3,5
"2021_3676",31,1,1,2,6,1,6,1,5,1,1,8
"2021_3553",40,1,2,1,10,1,6,2,4,2,3,6
"2021_3874",37,1,1,2,8,1,5,3,5,1,1,8
"2021_1009",21,2,1,2,6,5,2,1,5,1,1,8
"2021_2264",36,1,1,2,8,5,6,1,5,1,1,7
"2021_627",45,1,2,2,3,5,2,2,4,3,1,5
"2021_324",64,2,1,2,2,2,2,1,5,1,2,7
"2021_3827",41,1,1,3,3,1,2,1,4,1,1,7
"2021_1235",18,2,1,1,4,4,3,2,3,3,1,6
"2021_3029",31,2,1,2,3,1,3,1,2,1,3,6
"2021_2276",38,1,2,3,5,1,2,1,5,2,3,6
"2021_9",54,2,1,3,10,1,4,4,5,1,1,8
"2021_1241",41,2,2,3,8,1,5,1,4,1,2,8
"2021_3649",30,1,1,4,11,1,5,2,4,2,1,8
"2021_135",42,2,2,2,1,2,3,4,2,1,2,6
"2021_45",31,2,2,3,4,5,3,2,4,2,2,8
"2021_2146",64,2,2,2,4,1,4,2,1,2,2,7
"2021_1634",39,2,2,2,7,1,6,4,4,1,2,7
"2021_775",38,2,2,2,6,1,5,1,2,2,2,4
"2021_3395",31,2,1,2,10,1,5,1,5,1,3,6
"2021_107",40,1,1,5,9,1,6,1,5,3,3,8
"2021_2935",32,1,1,2,4,1,3,2,5,2,2,7
"2021_1257",49,2,1,2,6,2,6,3,4,3,3,7
"2021_529",25,2,1,1,7,1,6,1,5,1,1,10
"2021_3819",24,1,1,2,6,5,5,3,4,3,2,5
"2021_1824",44,2,2,2,8,1,5,3,4,2,3,8
"2021_3382",54,2,1,2,8,1,5,1,5,1,1,7
"2021_2086",60,2,1,1,6,2,6,1,5,1,1,7
"2021_3557",30,1,1,1,9,1,5,2,5,2,2,9
"2021_3547",36,1,1,2,11,1,6,2,5,1,1,8
"2021_3333",56,1,1,3,3,3,3,1,5,1,1,8
"2021_50",42,2,2,3,11,1,3,2,2,1,3,5
"2021_3277",38,1,1,2,10,5,6,4,5,1,1,7
"2021_3566",31,1,1,2,7,1,5,2,4,3,3,7
"2021_1283",49,2,1,4,11,1,6,1,5,1,1,9
"2021_203",21,2,1,3,6,5,4,2,2,2,1,8
"2021_3711",24,1,1,2,5,5,5,3,2,3,3,9
"2021_277",63,1,2,2,8,1,2,2,1,2,2,7
"2021_2297",35,1,2,2,10,1,6,2,2,1,2,8
"2021_1262",36,2,1,2,12,6,6,4,4,3,1,7
"2021_601",19,2,1,2,5,5,2,4,1,3,3,7
"2021_3583",46,1,2,3,6,1,5,1,4,2,2,7
"2021_1089",56,1,2,1,5,1,6,1,4,2,2,8
"2021_2660",49,1,2,2,6,4,5,3,4,1,1,8
"2021_2330",58,1,2,2,10,1,6,1,5,3,3,6
"2021_1571",38,1,2,2,2,5,2,2,1,1,3,7
"2021_2122",58,2,2,2,8,2,2,4,5,3,3,5
"2021_3238",48,2,1,1,4,5,4,1,1,2,2,7
"2021_1767",61,2,1,2,5,1,5,1,4,1,2,7
"2021_3495",43,2,2,2,7,1,3,2,2,3,3,7
"2021_1764",51,2,2,2,5,1,2,2,5,1,3,7
"2021_1087",27,2,1,2,3,5,2,2,1,2,2,3
"2021_1065",57,2,2,2,8,1,2,3,3,3,3,7
"2021_1441",50,2,2,2,6,2,5,1,2,3,2,7
"2021_1855",53,1,2,3,9,1,5,2,5,3,4,5
"2021_261",56,2,2,1,3,1,2,2,5,3,4,6
"2021_1302",55,1,4,3,4,5,6,2,5,2,3,7
"2021_1057",36,2,1,3,9,1,4,2,4,2,2,8
"2021_187",35,1,3,2,10,1,6,1,5,2,1,9
"2021_3458",44,2,2,2,5,5,6,3,4,2,3,7
"2021_2353",37,1,1,2,10,1,5,2,1,1,2,6
"2021_3934",33,1,1,3,6,1,6,2,5,1,2,8
"2021_2559",45,1,2,3,4,2,3,3,2,1,2,8
"2021_1127",57,2,2,3,9,1,5,4,5,2,2,6
"2021_1331",32,1,1,4,12,1,6,1,5,1,1,8
"2021_1693",49,1,2,5,3,1,6,1,1,1,3,7
"2021_2767",45,1,1,2,10,1,5,3,5,3,1,8
"2021_3687",21,1,2,1,4,5,4,4,5,1,1,7
"2021_3357",62,1,3,3,3,5,3,3,5,2,3,6
"2021_1337",18,2,2,2,3,5,2,1,3,3,2,8
"2021_727",46,2,2,2,6,5,2,1,2,2,2,6
"2021_3692",23,1,2,3,5,5,4,1,2,2,2,7
"2021_373",42,1,1,2,6,4,5,1,3,2,2,2
"2021_1734",57,2,2,3,11,1,3,1,4,3,3,5
"2021_3989",41,1,1,4,8,1,5,2,4,3,2,8
"2021_2219",35,1,1,2,10,1,6,1,4,1,2,8
"2021_3630",31,1,1,3,9,1,6,4,5,1,2,8
"2021_2208",35,1,2,2,10,1,6,2,4,3,3,6
"2021_503",23,2,2,3,5,1,4,1,4,2,3,5
"2021_1705",46,2,2,2,9,1,5,2,2,2,2,7
"2021_970",59,1,2,1,3,1,2,1,5,4,4,6
"2021_372",62,2,2,2,7,1,3,3,2,1,4,6
"2021_1745",43,1,1,2,4,1,2,1,5,1,1,8
"2021_2826",51,2,1,2,4,1,5,1,4,3,3,7
"2021_1490",25,1,1,2,3,5,2,1,5,2,2,8
"2021_2378",61,1,2,2,1,5,3,1,2,2,3,8
"2021_2646",56,1,2,2,5,1,3,4,4,2,3,8
"2021_1280",54,2,2,2,9,1,6,2,2,3,2,6
"2021_3098",25,2,1,3,7,1,5,1,5,2,2,8
"2021_483",60,1,1,3,8,1,5,1,5,2,2,8
"2021_2237",57,1,2,4,3,5,4,1,4,2,4,5
"2021_2600",62,1,1,2,9,1,6,1,4,1,3,6
"2021_1506",60,1,3,1,11,1,3,4,5,2,3,5
"2021_2596",64,1,1,2,11,1,5,1,5,1,2,6
"2021_890",26,2,2,2,6,5,2,2,2,4,3,9
"2021_2099",26,2,1,2,3,1,2,4,3,4,4,6
"2021_2412",37,1,2,1,3,5,5,2,4,3,3,4
"2021_2231",38,1,2,2,6,1,2,1,4,2,4,8
"2021_3251",50,1,1,2,2,1,5,1,4,3,3,6
"2021_2585",62,1,2,2,3,2,6,2,3,2,2,6
"2021_1499",45,1,1,3,4,2,6,1,3,1,1,6
"2021_3328",52,2,2,1,6,1,3,4,2,2,2,6
"2021_2228",36,1,1,2,5,1,6,1,1,2,2,8
"2021_3720",23,1,3,3,2,5,2,2,3,1,1,8
"2021_2579",62,1,2,2,12,1,6,4,1,1,1,6
"2021_2575",62,1,2,2,4,1,3,4,4,2,3,5
"2021_2226",42,1,1,3,12,1,6,1,5,1,1,8
"2021_2647",46,1,2,2,6,5,5,3,4,2,2,7
"2021_1424",23,1,3,3,2,5,2,1,2,2,4,6
"2021_2569",64,1,2,2,8,1,5,3,5,1,2,7
"2021_717",41,1,2,2,7,1,6,1,4,2,4,4
"2021_2606",60,1,2,3,12,1,5,2,5,1,2,8
"2021_2961",24,1,1,3,2,5,2,2,3,2,3,10
"2021_2083",55,2,2,4,11,1,5,1,4,2,2,7
"2021_2737",53,1,2,2,6,1,5,1,5,2,3,7
"2021_1173",64,2,1,2,3,5,3,2,5,1,3,12
"2021_684",23,2,1,3,3,6,3,4,2,2,5,6
"2021_1329",54,1,1,1,2,5,2,2,1,1,2,6
"2021_765",54,2,2,2,6,5,3,1,1,2,2,5
"2021_2533",60,1,2,4,2,2,4,2,2,2,2,10
"2021_2242",52,1,1,2,11,1,6,1,4,1,2,6
"2021_2436",33,1,2,3,9,1,5,3,3,1,1,8
"2021_422",49,2,1,3,5,1,2,1,5,2,3,6
"2021_2654",30,1,2,2,6,1,5,1,4,2,3,7
"2021_3303",44,2,2,2,9,5,6,2,5,3,4,8
"2021_3292",37,1,1,3,5,1,3,1,5,1,1,12
"2021_369",28,2,3,2,3,5,3,2,4,3,3,7
"2021_2588",52,1,2,2,8,1,4,4,3,1,3,7
"2021_3715",19,1,1,1,6,5,2,3,1,1,1,8
"2021_3107",20,1,3,3,5,5,5,1,4,2,3,10
"2021_3575",31,1,1,3,10,1,6,1,4,1,1,8
"2021_637",33,1,2,2,4,1,5,2,5,2,2,7
"2021_3099",52,2,2,2,3,1,1,1,4,5,5,8
"2021_2481",31,1,1,2,6,5,6,1,5,2,2,8
"2021_3438",44,2,2,2,6,6,2,1,4,2,3,7
"2021_2531",50,1,2,1,3,5,2,1,5,2,2,7
"2021_3542",34,1,1,2,10,1,5,3,5,1,1,9
"2021_3818",18,1,1,3,2,5,3,3,4,1,1,8
"2021_2662",52,1,2,3,7,1,4,2,4,3,3,8
"2021_3285",35,1,3,3,4,1,3,2,1,2,2,10
"2021_2490",53,1,2,3,6,5,5,2,5,1,3,7
"2021_3192",30,1,1,2,2,5,3,2,5,1,2,8
"2021_2846",45,2,2,2,6,5,5,2,4,3,3,8
"2021_689",21,1,1,3,10,5,3,1,4,2,4,9
"2021_2603",62,1,2,2,8,1,5,3,3,3,3,6
"2021_3963",35,1,1,3,9,1,5,1,4,2,2,8
"2021_3620",30,1,1,2,9,1,5,1,5,1,1,6
"2021_2204",33,1,2,3,5,5,5,3,3,3,3,8
"2021_766",62,1,2,2,11,1,5,2,3,3,3,7
"2021_1398",18,1,1,4,3,6,3,3,1,2,2,5
"2021_2450",26,1,2,2,7,1,2,1,3,1,3,6
"2021_2073",45,2,2,2,6,4,4,1,4,3,3,7
"2021_2015",41,1,2,3,6,5,4,1,5,2,2,8
"2021_2505",32,1,1,2,9,1,6,1,5,1,1,8
"2021_255",51,2,1,3,6,1,4,1,4,2,2,7
"2021_3905",30,1,1,1,7,1,5,2,5,1,1,8
"2021_3604",33,1,1,4,10,1,6,4,4,2,1,7
"2021_3332",40,2,3,2,5,2,4,4,5,1,1,7
"2021_710",54,1,2,1,5,2,3,1,5,1,3,8
"2021_3364",40,2,2,2,6,5,3,3,4,2,3,7
"2021_2842",52,2,2,2,8,1,5,1,2,2,3,8
"2021_3247",50,2,2,2,6,6,6,4,3,3,2,9
"2021_2164",64,1,1,2,5,1,4,1,5,2,3,8
"2021_2504",63,1,2,1,10,4,6,3,1,2,2,6
"2021_132",60,2,3,1,3,2,3,1,5,3,3,8
"2021_2485",51,1,2,2,3,5,2,4,2,3,3,5
"2021_2675",32,1,4,1,4,5,6,4,3,5,5,4
"2021_2599",31,1,2,2,10,1,6,2,4,2,3,8
"2021_1344",20,1,1,4,4,5,2,1,4,3,2,8
"2021_1137",45,1,3,1,4,1,5,1,2,2,3,4
"2021_2042",57,2,2,3,3,1,4,1,3,2,2,8
"2021_3637",33,1,1,2,10,1,6,2,5,2,2,7
"2021_1927",49,1,1,3,3,6,5,2,5,1,2,7
"2021_2414",63,1,1,2,10,2,6,4,4,3,3,7
"2021_2514",31,1,1,2,7,1,5,2,5,1,1,8
"2021_2688",33,1,1,3,6,5,5,1,4,1,1,8
"2021_270",54,2,2,2,8,1,3,4,5,3,3,8
"2021_2058",42,1,2,2,1,5,2,4,4,3,3,10
"2021_2542",60,1,2,2,7,1,4,2,4,2,2,10
"2021_3069",45,1,2,3,2,5,5,4,1,2,2,8
"2021_2357",54,1,2,2,8,6,5,4,4,1,1,6
"2021_3402",41,2,3,2,4,5,5,2,2,1,2,8
"2021_1324",25,1,1,2,7,2,2,3,4,1,2,7
"2021_2046",60,1,2,3,4,2,3,3,4,3,2,6
"2021_2874",46,2,2,1,3,5,3,4,3,1,1,8
"2021_3670",30,1,1,5,9,1,6,1,5,1,1,8
"2021_2403",40,1,1,3,11,1,6,3,5,1,1,7
"2021_3300",50,1,1,1,10,1,6,1,4,2,2,8
"2021_1015",30,1,2,1,4,5,5,4,5,2,2,6
"2021_1413",41,2,1,4,8,1,6,2,5,2,1,8
"2021_3829",22,1,1,3,3,6,2,3,5,1,1,10
"2021_2176",27,1,1,2,3,6,3,3,5,2,1,7
"2021_1221",46,2,2,1,10,1,5,3,2,1,1,7
"2021_3900",34,1,2,2,6,1,5,2,3,1,1,8
"2021_418",35,2,2,2,5,1,3,1,1,1,2,12
"2021_2031",57,2,2,2,3,1,2,1,1,2,2,8
"2021_2706",34,1,1,2,8,1,6,1,5,1,1,7
"2021_340",64,1,2,2,4,1,2,1,1,3,3,6
"2021_2169",45,1,1,1,1,3,4,4,3,2,2,8
"2021_1784",55,2,2,1,6,5,3,2,5,2,2,5
"2021_3920",32,1,1,2,2,1,6,2,4,1,1,8
"2021_2576",49,1,1,1,8,1,5,4,4,1,1,6
"2021_3549",35,1,2,2,12,1,6,4,5,1,1,8
"2021_2393",33,1,1,5,9,6,5,1,2,3,2,4
"2021_2791",51,1,2,2,3,5,3,2,3,2,2,7
"2021_2711",60,1,2,2,6,1,2,4,5,2,3,6
"2021_3391",30,1,1,2,5,1,6,4,5,1,1,8
"2021_3235",44,2,3,2,9,1,5,3,4,2,3,8
"2021_2713",52,1,1,2,7,1,5,2,4,2,3,6
"2021_2410",64,1,1,5,12,5,6,3,1,1,1,8
"2021_3189",45,2,1,1,1,5,2,4,5,1,1,8
"2021_3224",64,2,1,1,7,1,2,1,1,2,3,12
"2021_2771",32,1,2,5,8,5,5,1,5,2,2,8
"2021_3887",34,1,1,4,11,1,2,2,4,1,1,7
"2021_3344",51,1,2,1,4,5,3,1,5,1,4,7
"2021_1425",40,2,2,3,5,1,2,1,2,2,3,8
"2021_3618",33,1,1,2,7,1,5,2,5,1,2,8
"2021_699",60,1,1,1,3,1,2,1,1,2,3,7
"2021_1654",52,2,1,2,6,1,3,1,4,2,2,8
"2021_2422",26,1,1,2,2,5,4,3,5,1,1,10
"2021_2392",50,1,2,3,3,2,2,3,5,2,3,8
"2021_2851",52,1,2,1,8,1,2,3,5,1,2,7
"2021_2390",40,1,1,3,9,1,6,2,5,1,2,8
"2021_2323",42,1,2,3,9,1,2,3,5,2,2,8
"2021_2580",61,1,2,2,4,6,5,3,4,1,1,8
"2021_3050",39,1,2,2,6,1,5,4,3,1,2,6
"2021_2439",52,1,1,2,10,1,6,1,4,1,2,8
"2021_2748",33,1,1,4,8,1,6,4,5,1,2,8
"2021_2797",52,1,1,1,2,2,3,1,5,1,1,8
"2021_1190",31,2,1,2,2,1,2,1,5,1,1,8
"2021_1179",59,2,1,1,11,1,5,3,2,1,1,7
"2021_622",36,1,1,1,9,1,6,3,4,1,1,5
"2021_3526",40,1,1,4,11,1,6,1,5,1,1,8
"2021_2683",64,1,2,2,8,6,5,4,5,3,3,6
"2021_3003",43,2,1,1,7,1,3,2,5,1,2,8
"2021_3335",62,1,1,3,7,1,6,1,5,1,1,8
"2021_188",20,2,1,3,2,5,2,2,4,2,1,7
"2021_3263",30,2,1,1,6,5,5,1,5,1,1,9
"2021_3590",29,1,1,2,4,1,6,2,5,1,2,8
"2021_1809",57,2,1,1,5,1,4,1,4,1,2,6
"2021_2616",54,1,2,2,7,1,3,3,1,2,2,7
"2021_3504",38,1,2,2,10,1,6,2,5,1,2,8
"2021_1938",62,2,1,3,4,1,2,1,5,1,3,6
"2021_2806",52,2,2,4,6,1,3,2,1,2,4,8
"2021_1971",49,2,2,3,2,6,3,4,4,3,3,6
"2021_2467",63,1,3,2,10,5,5,4,3,2,1,5
"2021_1483",31,2,2,2,4,5,2,2,4,2,2,7
"2021_2529",57,1,1,3,10,1,2,2,5,2,2,7
"2021_3767",21,1,1,2,12,5,5,1,2,3,3,6
"2021_2281",35,1,1,3,12,1,6,2,5,2,2,6
"2021_2536",53,1,1,1,11,1,5,3,5,1,1,8
"2021_2112",51,2,1,3,8,1,5,1,2,1,1,9
"2021_2905",49,1,2,2,6,2,3,2,5,2,2,7
"2021_734",38,2,1,2,10,2,5,1,4,3,2,8
"2021_2290",34,1,1,2,7,1,5,1,5,1,2,8
"2021_2909",41,1,1,3,11,1,6,1,5,2,2,4
"2021_2592",59,1,2,2,6,1,5,3,4,1,1,7
"2021_885",48,2,1,2,8,1,4,1,5,1,2,7
"2021_3601",24,1,3,1,3,3,3,4,4,1,3,8
"2021_2019",61,2,1,3,2,1,5,1,4,1,2,8
"2021_2554",62,1,1,3,12,1,5,1,4,1,1,7
"2021_1128",58,2,3,2,8,2,3,1,4,2,2,8
"2021_2777",53,1,2,2,6,4,5,4,4,2,2,6
"2021_2193",40,1,1,3,11,1,3,2,4,2,2,8
"2021_2526",52,1,2,2,11,1,6,2,3,3,4,8
"2021_1279",20,1,1,1,1,1,1,1,1,1,1,24
"2021_3993",39,1,2,5,7,1,6,3,5,1,1,7
"2021_640",46,2,3,2,4,5,5,1,4,3,2,6
"2021_2972",32,1,2,2,7,1,5,3,4,1,1,8
"2021_2763",34,1,1,2,4,2,2,4,2,1,1,8
"2021_2762",52,1,2,1,5,1,5,4,4,2,2,6
"2021_1527",57,1,2,2,9,1,3,3,4,2,5,8
"2021_2635",56,1,2,2,9,1,5,1,4,2,2,7
"2021_3389",46,1,1,2,9,1,5,3,5,2,2,6
"2021_2233",64,1,2,1,5,1,3,2,3,1,2,9
"2021_2749",34,1,2,2,9,1,5,2,1,1,1,8
"2021_926",64,1,3,2,3,4,2,1,1,1,5,12
"2021_1502",63,2,3,2,2,2,6,4,1,2,2,8
"2021_2666",59,1,2,2,11,1,6,2,4,1,2,8
"2021_2830",48,2,2,2,11,1,5,1,5,1,1,8
"2021_2906",36,1,2,3,9,1,6,2,5,2,2,7
"2021_516",39,1,2,1,12,5,6,3,3,1,1,8
"2021_2358",41,1,1,3,10,1,6,2,5,3,3,8
"2021_2352",57,1,1,2,1,5,5,3,5,1,1,8
"2021_3625",30,1,1,3,9,1,5,2,5,1,1,8
"2021_2735",53,1,2,2,5,1,5,4,4,1,4,8
"2021_3079",24,1,2,2,6,5,5,2,2,3,2,6
"2021_3901",34,1,1,2,6,1,5,3,2,2,2,8
"2021_894",29,2,1,2,3,5,6,3,5,1,3,7
"2021_1396",30,1,2,2,11,1,5,3,3,1,2,8
"2021_2699",60,1,2,2,9,1,5,1,5,3,3,7
"2021_2080",51,2,1,3,9,1,2,1,4,1,2,10
"2021_3214",27,1,1,2,4,5,5,1,5,1,1,5
"2021_1002",55,1,2,1,5,2,4,2,4,2,3,8
"2021_26",35,2,2,2,1,5,4,4,2,3,3,5
"2021_2291",34,1,1,2,2,5,5,3,4,2,2,8
"2021_3365",31,2,2,2,12,5,5,3,4,2,4,6
"2021_3877",35,1,1,2,9,1,6,1,5,2,2,8
"2021_2652",59,1,2,4,12,1,6,4,4,1,2,7
"2021_1680",53,2,2,2,3,1,2,2,5,2,5,6
"2021_2238",40,1,1,4,10,1,6,2,4,1,1,10
"2021_1249",39,2,1,4,9,1,4,2,5,1,3,6
"2021_1110",46,2,1,2,3,5,2,1,5,3,3,8
"2021_2974",34,2,2,1,5,5,3,4,3,3,3,8
"2021_2799",48,1,1,3,4,5,4,4,5,1,1,9
"2021_1230",19,2,2,3,12,1,3,2,1,3,2,2
"2021_2423",61,1,2,1,4,1,3,2,1,2,2,6
"2021_3534",41,1,2,2,10,1,5,2,3,2,3,6
"2021_3543",37,1,1,2,8,1,6,1,5,1,1,8
"2021_354",59,2,2,3,6,1,6,3,3,2,4,7
"2021_2597",46,1,1,2,10,1,6,4,5,1,2,7
"2021_3373",38,2,1,2,5,1,3,2,4,2,2,9
"2021_3056",43,2,1,2,6,3,3,1,1,3,3,5
"2021_47",39,1,1,3,3,1,2,1,5,1,2,8
"2021_2899",47,2,1,1,8,1,3,1,4,1,2,8
"2021_3519",49,2,1,2,6,1,6,1,4,2,2,8
"2021_3068",32,2,2,3,3,1,5,1,4,2,3,8
"2021_2107",50,1,1,2,7,1,4,1,1,2,2,8
"2021_3859",41,1,1,3,10,1,6,1,5,1,2,7
"2021_3334",51,1,2,2,7,5,5,4,4,1,2,6
"2021_1259",40,1,1,2,3,5,3,2,1,3,1,6
"2021_2612",57,1,2,1,7,1,5,1,4,2,3,7
"2021_2413",50,1,3,2,10,1,6,1,3,2,2,8
"2021_2892",52,2,2,2,12,6,5,4,2,2,1,8
"2021_2577",61,1,2,4,7,1,3,1,4,1,2,6
"2021_2611",64,1,3,2,5,1,3,2,5,2,4,8
"2021_59",30,1,1,2,3,5,4,3,4,2,2,14
"2021_759",50,2,2,1,10,1,6,4,4,1,3,4
"2021_1212",37,1,1,3,4,1,4,1,3,2,3,7
"2021_3117",35,2,1,2,6,5,5,1,4,1,2,9
"2021_355",53,2,2,2,8,1,4,2,4,2,2,6
"2021_2179",35,1,2,3,12,1,6,1,5,1,1,8
"2021_1341",30,2,2,3,7,6,6,4,1,2,3,8
"2021_223",44,1,2,2,6,5,5,1,4,1,2,8
"2021_3702",24,1,1,1,6,5,5,2,5,1,1,8
"2021_705",45,2,1,2,8,1,3,3,4,2,3,8
"2021_2565",32,1,2,3,7,1,2,3,5,2,3,6
"2021_2605",52,1,3,1,6,5,5,1,1,1,2,7
"2021_782",59,1,2,2,7,2,3,4,4,2,3,7
"2021_3869",36,1,1,2,9,1,6,2,4,2,2,6
"2021_3582",30,1,2,5,9,1,6,3,4,4,3,6
"2021_337",56,2,2,3,6,4,6,1,5,2,2,9
"2021_2434",54,1,2,2,9,1,5,4,5,1,2,6
"2021_1152",63,1,2,1,5,1,3,2,5,2,2,6
"2021_714",53,2,1,2,9,1,5,1,5,1,2,7
"2021_3872",36,1,2,2,10,1,5,2,5,1,2,8
"2021_3881",50,1,2,2,2,5,5,1,5,4,3,6
"2021_108",50,2,2,1,5,5,5,2,1,3,3,6
"2021_572",26,1,2,3,9,5,2,1,4,2,2,9
"2021_2499",60,1,1,2,2,2,5,1,4,3,3,8
"2021_961",43,2,2,2,11,1,5,3,5,2,2,8
"2021_3172",33,2,1,3,6,3,4,1,5,1,1,6
"2021_3466",46,1,1,3,9,1,1,1,1,1,1,6
"2021_2187",36,1,1,2,11,1,5,4,4,2,2,8
"2021_1462",60,2,1,3,7,1,4,1,3,1,1,7
"2021_2210",36,1,2,2,3,6,5,2,4,3,2,6
"2021_3751",23,1,1,3,2,1,1,1,1,2,2,7
"2021_3460",46,2,1,2,3,5,4,2,2,1,1,9
"2021_3060",44,2,2,2,2,6,2,1,4,2,4,6
"2021_56",62,2,2,1,3,4,3,1,1,4,4,6
"2021_906",25,2,1,5,12,1,6,1,5,1,1,9
"2021_1821",36,2,2,4,3,1,5,2,5,1,1,8
"2021_3452",44,2,2,2,4,1,5,1,3,3,3,8
"2021_3109",19,2,2,2,5,5,2,1,1,1,3,8
"2021_3450",48,2,2,4,4,5,6,4,2,1,2,9
"2021_2827",51,2,1,2,12,1,6,1,4,1,3,8
"2021_547",20,1,1,2,6,5,3,3,5,1,1,6
"2021_2013",59,1,2,4,9,1,6,4,4,3,3,7
"2021_2090",57,2,2,2,2,2,4,2,2,2,2,8
"2021_2366",47,1,1,2,1,5,3,4,5,3,3,8
"2021_3444",22,2,3,2,5,1,3,2,2,4,2,6
"2021_3494",43,2,2,3,11,1,6,1,5,1,2,7
"2021_2772",50,1,2,1,3,5,6,2,3,1,1,8
"2021_3242",52,1,2,2,3,6,3,1,5,1,1,7
"2021_2319",30,1,2,3,5,5,5,1,5,2,3,8
"2021_2018",34,1,2,1,2,1,2,4,5,3,3,6
"2021_186",60,2,1,2,2,5,5,4,5,1,1,8
"2021_3792",22,1,2,3,2,5,5,3,5,3,3,7
"2021_551",44,2,2,1,4,6,5,4,3,2,3,7
"2021_2709",48,1,1,2,10,1,4,2,5,1,2,7
"2021_3427",25,1,1,2,12,5,2,1,5,1,1,8
"2021_3973",40,1,1,2,5,1,5,1,4,1,2,8
"2021_3882",50,1,1,2,10,1,6,1,5,1,1,7
"2021_2885",51,2,2,1,2,1,6,1,4,3,3,7
"2021_3119",33,2,2,2,3,5,6,1,4,3,3,8
"2021_3474",48,2,2,2,11,1,5,2,5,2,2,8
"2021_2639",32,1,1,2,6,2,3,1,5,1,4,6
"2021_3399",41,2,1,2,8,1,5,1,5,1,1,9
"2021_2217",51,1,2,2,11,1,4,1,5,2,3,7
"2021_285",56,2,1,2,2,3,4,1,5,1,2,12
"2021_2502",47,1,3,1,3,5,3,4,4,2,2,8
"2021_1908",60,1,2,3,7,2,1,4,5,2,4,6
"2021_2318",36,1,1,2,10,1,6,1,4,2,2,8
"2021_175",60,2,1,2,2,1,2,1,1,3,3,6
"2021_1866",39,2,2,2,4,5,2,4,5,1,3,8
"2021_2057",40,1,2,3,3,6,2,3,3,2,4,6
"2021_1901",53,2,2,1,5,2,2,1,4,2,2,8
"2021_3642",32,1,1,1,2,5,5,4,4,3,3,6
"2021_3911",31,1,1,3,10,1,5,2,5,1,1,6
"2021_3265",35,1,3,2,5,1,2,1,2,3,3,5
"2021_2082",29,2,1,2,5,5,5,3,5,1,1,6
"2021_566",29,2,2,2,5,5,5,4,4,3,3,6
"2021_1761",60,2,2,3,3,1,6,2,5,1,3,5
"2021_3917",30,1,1,2,9,1,5,1,4,1,2,7
"2021_1828",64,2,2,4,4,4,6,2,4,1,3,10
"2021_3652",33,1,1,3,9,1,5,2,4,1,2,8
"2021_779",44,2,2,2,3,1,3,1,2,2,4,8
"2021_1313",60,1,2,1,3,3,5,3,4,2,3,7
"2021_1871",41,2,2,2,3,2,3,3,5,3,3,5
"2021_371",56,2,2,2,7,1,5,4,3,1,1,7
"2021_3451",27,2,2,2,8,6,6,4,2,3,1,8
"2021_3664",31,1,1,2,9,1,6,1,5,1,1,7
"2021_1933",44,2,2,2,3,2,3,3,3,3,3,4
"2021_3377",56,1,1,2,5,5,5,1,1,1,1,8
"2021_3120",23,2,3,2,2,5,2,3,2,1,3,7
"2021_1537",25,2,1,4,10,6,5,1,5,1,1,8
"2021_2455",55,1,2,2,9,1,5,3,3,2,4,9
"2021_3371",37,2,2,3,5,1,4,1,1,1,2,7
"2021_435",50,1,1,1,5,1,3,4,5,1,2,6
"2021_1755",61,1,2,2,9,1,2,1,5,1,4,6
"2021_3675",28,1,2,2,3,5,3,4,2,2,3,6
"2021_3856",40,1,1,4,11,1,6,1,1,1,1,8
"2021_2317",30,1,1,3,11,1,5,1,5,2,2,8
"2021_1095",25,1,1,2,10,5,3,1,4,1,2,7
"2021_3136",30,2,1,2,3,1,5,1,4,1,1,7
"2021_1231",18,3,2,3,5,5,2,2,2,4,5,5
"2021_1207",24,2,1,3,7,5,6,2,4,1,1,8
"2021_3909",50,1,1,2,12,1,6,1,5,3,3,7
"2021_1935",43,2,2,3,5,1,6,1,4,1,4,7
"2021_3861",43,1,2,2,9,1,2,2,5,3,2,6
"2021_879",51,2,2,2,4,1,4,1,4,2,2,7
"2021_1359",46,1,1,2,9,1,5,1,5,1,1,6
"2021_2741",48,1,2,1,2,1,6,3,2,2,2,8
"2021_3572",46,1,1,3,7,1,6,2,4,1,3,7
"2021_2475",47,1,2,1,6,1,6,4,3,2,2,7
"2021_3875",37,1,1,3,10,1,5,2,1,2,2,8
"2021_1185",19,2,2,3,3,5,3,2,1,1,1,8
"2021_3479",45,1,1,1,10,5,5,3,1,1,2,7
"2021_141",28,2,1,2,1,5,2,2,3,1,1,8
"2021_3866",36,1,2,2,9,1,6,2,5,1,3,8
"2021_68",37,2,1,3,3,6,4,4,5,2,3,9
"2021_895",21,2,3,2,5,1,4,1,3,3,1,4
"2021_201",51,2,1,3,4,1,5,1,4,2,2,7
"2021_1029",35,1,2,1,9,5,6,4,2,1,2,8
"2021_2365",41,1,1,2,8,1,6,2,4,1,1,8
"2021_874",25,2,1,2,4,5,5,4,1,3,4,7
"2021_1442",59,2,2,3,3,2,3,1,2,2,2,6
"2021_3095",28,2,1,2,6,1,4,3,4,1,4,8
"2021_3468",49,2,1,2,2,2,5,1,4,1,2,8
"2021_3380",48,2,2,2,5,5,4,3,3,3,3,5
"2021_3927",34,1,1,2,10,1,5,2,4,1,1,8
"2021_3046",52,2,2,3,6,6,2,1,4,3,3,6
"2021_3831",22,1,3,3,1,5,4,1,5,3,3,6
"2021_3773",21,1,2,2,4,5,5,4,2,3,2,5
"2021_2234",43,1,2,2,3,2,3,1,4,2,4,5
"2021_1166",53,2,2,3,6,1,5,2,5,2,2,6
"2021_3078",52,2,1,1,3,2,6,1,4,2,2,6
"2021_695",50,1,2,2,3,5,5,1,4,2,3,7
"2021_3794",23,1,1,2,11,5,5,3,4,1,2,8
"2021_1632",62,2,2,4,6,1,2,1,5,2,2,7
"2021_3824",46,1,2,3,11,5,5,2,1,2,3,6
"2021_2631",59,1,2,1,10,1,5,2,5,1,1,6
"2021_2573",46,1,2,1,11,1,4,4,4,2,1,8
"2021_2425",45,1,2,1,7,2,5,2,1,1,2,8
"2021_2994",25,2,3,2,2,5,3,4,3,4,4,6
"2021_3250",31,1,2,2,12,1,5,4,4,3,1,8
"2021_1430",40,1,3,2,4,5,5,2,4,2,3,7
"2021_1394",59,1,2,2,2,5,3,1,5,3,3,6
"2021_3871",35,1,1,3,9,1,6,1,5,1,1,9
"2021_17",59,1,2,1,6,5,5,1,4,1,2,6
"2021_3255",45,1,2,2,2,5,5,1,3,1,3,6
"2021_2657",62,1,1,2,9,1,6,1,5,2,2,7
"2021_815",28,1,2,3,8,5,5,1,2,1,2,8
"2021_2617",48,1,1,1,11,1,3,4,5,1,1,7
"2021_2697",45,1,2,1,5,5,4,4,4,2,2,7
"2021_301",18,2,1,2,2,5,4,2,4,2,4,24
"2021_3386",54,2,1,2,11,1,6,1,5,1,2,7
"2021_1505",39,1,2,3,5,5,5,1,5,2,2,7
"2021_3529",54,1,2,2,7,1,4,4,5,3,2,7
"2021_2651",49,2,2,2,9,1,5,2,4,1,2,7
"2021_3933",33,1,2,2,8,1,5,2,4,1,1,9
"2021_3782",20,1,2,3,3,5,2,4,2,4,2,7
"2021_1292",26,2,2,2,1,6,2,4,1,1,1,6
"2021_3274",32,2,2,2,1,5,2,4,4,3,3,5
"2021_2571",31,1,2,2,3,5,3,4,5,1,1,6
"2021_3197",31,1,1,2,9,1,6,1,4,2,2,8
"2021_1018",62,2,2,2,8,2,5,1,2,2,3,8
"2021_3059",33,1,1,3,9,1,5,1,4,2,2,8
"2021_123",59,2,3,2,3,5,4,1,5,1,2,8
"2021_2127",47,2,2,3,8,1,5,1,5,2,2,8
"2021_2337",35,1,2,2,10,1,5,3,4,2,2,6
"2021_3812",21,1,2,3,7,3,5,1,2,1,3,8
"2021_2672",57,1,2,2,10,1,2,2,5,1,2,7
"2021_3183",25,2,2,2,8,5,5,4,5,2,1,8
"2021_2727",32,1,2,3,8,1,5,4,4,2,3,7
"2021_3164",40,2,1,2,3,3,5,2,2,3,2,7
"2021_2655",62,1,2,3,5,1,3,1,5,2,1,6
"2021_796",28,2,2,2,2,5,5,3,1,3,4,8
"2021_1833",42,2,2,3,6,1,3,2,5,2,2,5
"2021_3174",22,2,2,3,4,1,3,2,2,3,4,8
"2021_3867",34,1,3,1,5,5,5,1,4,4,4,7
"2021_2136",59,2,2,3,5,1,3,2,5,2,3,8
"2021_1725",36,2,2,3,5,1,5,1,2,3,3,8
"2021_1474",47,2,1,2,12,1,6,4,5,3,3,6.5
"2021_2544",63,1,2,3,3,2,3,2,5,2,2,8
"2021_1465",55,1,1,2,9,1,6,2,4,1,2,7
"2021_3747",18,1,1,3,7,5,6,3,3,1,3,10
"2021_1913",50,2,2,3,2,1,3,1,4,2,3,5
"2021_1010",39,1,1,3,10,1,5,1,2,2,2,7
"2021_2732",45,1,1,3,11,1,5,2,5,2,2,8
"2021_2346",50,1,1,1,12,1,6,2,1,1,2,7
"2021_497",47,1,2,2,6,5,2,2,2,2,2,6
"2021_2085",36,2,1,5,5,1,3,1,1,2,1,7
"2021_862",20,1,1,3,2,1,1,1,1,1,2,8
"2021_3321",43,2,1,2,1,5,1,1,3,1,2,4
"2021_1088",50,2,2,2,8,1,3,1,1,3,3,7
"2021_1258",38,1,1,2,10,1,6,1,5,1,1,8
"2021_2903",63,1,2,2,6,6,6,4,5,2,3,8
"2021_1552",57,2,1,2,9,1,6,2,5,1,2,6
"2021_2786",54,1,2,3,8,1,5,2,4,2,3,6
"2021_3736",20,1,1,4,8,6,2,2,1,1,1,8
"2021_756",29,2,1,3,1,5,1,3,2,1,3,12
"2021_2740",29,1,2,3,4,5,3,4,5,3,4,6
"2021_3150",35,1,2,2,3,5,2,2,3,1,2,7
"2021_2396",58,1,2,2,8,2,6,4,2,1,1,5
"2021_3130",26,2,2,2,2,5,3,4,4,3,3,6
"2021_41",33,1,1,2,1,5,2,1,2,3,3,5
"2021_3713",20,1,2,3,3,5,2,2,1,1,4,10
"2021_3347",63,1,2,2,8,1,2,1,4,3,3,7
"2021_3972",40,1,1,4,12,1,6,1,1,2,2,10
"2021_3349",34,2,2,1,3,5,6,2,5,1,1,6
"2021_1277",30,2,2,2,12,1,5,2,4,3,2,6
"2021_3693",20,1,1,1,4,5,4,1,3,2,1,7
"2021_3995",32,1,2,4,2,5,2,1,5,1,1,8
"2021_2339",39,1,2,1,5,1,4,1,3,3,4,4
"2021_1184",21,3,2,2,3,3,3,2,2,3,3,8
"2021_524",42,1,3,2,8,1,3,3,4,4,3,6
"2021_3509",20,2,2,2,12,5,3,2,4,4,3,8
"2021_1646",44,1,2,2,11,1,5,2,5,3,4,6
"2021_2680",64,1,2,2,4,1,5,4,2,3,3,7
"2021_3171",21,1,1,2,3,5,5,4,2,3,1,7
"2021_1924",47,2,2,3,3,2,5,4,5,2,2,7
"2021_3832",29,1,1,1,7,5,6,2,5,1,1,8
"2021_2420",46,1,2,1,1,2,2,4,2,2,2,6
"2021_353",30,2,2,2,5,1,3,2,5,3,3,8
"2021_1251",35,1,2,3,11,1,5,1,2,2,3,8
"2021_3586",49,1,1,2,7,5,4,4,2,3,4,6
"2021_696",22,1,1,4,4,1,4,3,3,1,2,9
"2021_2370",46,1,1,2,12,1,6,1,5,1,2,8
"2021_1839",31,2,2,2,2,5,2,2,2,4,2,6
"2021_3053",38,1,2,2,9,1,6,2,4,3,4,7
"2021_2925",30,1,1,5,10,1,5,2,4,1,1,7
"2021_1043",32,1,2,3,5,5,5,2,4,3,3,6
"2021_3401",45,2,2,3,6,5,3,1,1,3,4,5
"2021_2091",32,2,1,2,2,1,3,1,5,5,3,5
"2021_200",43,1,2,1,2,5,5,4,3,4,4,8
"2021_2835",54,2,3,1,2,5,5,2,2,4,4,6
"2021_701",41,2,1,2,10,1,3,1,5,2,1,7
"2021_2170",37,1,2,2,3,5,2,3,2,4,4,6
"2021_1420",21,1,1,2,1,5,5,1,5,2,2,8
"2021_2345",35,1,1,2,10,1,6,1,5,1,1,8
"2021_731",44,1,3,2,1,5,1,1,2,3,5,6
"2021_1169",33,1,2,3,5,1,5,1,4,3,3,7
"2021_963",29,2,2,3,3,6,2,1,4,2,3,6
"2021_2033",28,2,2,4,4,1,4,1,2,4,4,7
"2021_3426",38,2,2,2,4,5,5,1,4,3,2,6
"2021_3252",56,2,2,1,9,1,4,2,4,3,3,6
"2021_978",35,2,1,2,11,5,3,2,1,2,2,10
"2021_2479",48,1,2,2,10,1,6,2,4,1,1,6
"2021_1702",20,2,3,3,4,6,2,3,4,3,5,9
"2021_2983",43,2,2,2,3,2,2,2,4,3,3,7
"2021_2921",59,1,3,1,2,5,5,1,4,3,2,6
"2021_1123",60,2,2,3,3,6,3,1,3,2,2,6
"2021_1964",43,2,2,3,4,2,2,2,4,2,2,5
"2021_873",30,2,2,3,3,5,3,3,4,4,3,7
"2021_1865",46,2,2,3,2,2,2,2,2,3,3,6
"2021_242",54,2,1,1,1,3,2,1,5,3,4,8
"2021_2817",46,2,2,2,6,2,5,3,2,1,1,8
"2021_1423",20,3,2,4,4,5,2,2,3,4,1,6
"2021_417",59,2,2,3,5,6,2,2,5,2,3,7
"2021_651",34,1,2,2,2,5,5,4,4,4,4,6
"2021_1491",26,2,1,2,4,5,2,2,4,2,2,7
"2021_3962",43,1,1,4,8,1,2,1,4,2,1,8
"2021_3777",22,1,2,1,8,5,3,2,2,1,2,8
"2021_364",51,2,2,2,3,1,3,3,4,3,3,6
"2021_2686",50,1,4,2,2,5,4,2,2,5,3,6
"2021_77",19,2,2,2,1,6,2,1,3,2,1,8
"2021_3392",24,2,1,1,2,5,2,2,3,3,3,8
"2021_1327",44,2,3,2,3,5,3,3,4,5,4,6
"2021_1914",56,2,2,3,10,1,3,2,5,2,3,8
"2021_2401",33,1,1,2,3,1,5,2,5,1,1,8
"2021_2446",56,1,2,1,10,1,2,3,3,3,3,6
"2021_2215",47,1,1,2,12,1,6,1,2,1,1,8
"2021_84",41,1,2,3,5,1,3,4,5,3,4,6
"2021_1781",52,2,2,3,9,1,6,1,4,1,2,7
"2021_4000",40,1,1,2,10,1,6,3,4,1,2,8
"2021_1217",33,2,1,2,3,6,1,2,4,3,4,6
"2021_2165",63,1,2,1,9,1,3,1,4,1,2,5
"2021_3127",48,2,2,2,4,5,2,1,3,3,3,7
"2021_3614",30,1,1,2,9,1,5,2,4,2,2,8
"2021_2306",51,1,3,2,8,5,5,4,2,3,3,6
"2021_3954",37,1,2,2,2,1,5,2,4,3,3,8
"2021_1518",29,2,2,2,3,5,5,2,2,2,2,10
"2021_1605",21,1,1,1,12,5,6,1,5,2,2,8
"2021_3852",51,1,1,2,11,1,6,1,5,1,1,8
"2021_1580",39,1,3,3,7,5,3,2,3,3,4,5
"2021_1712",62,1,3,1,4,2,3,4,5,4,4,6
"2021_1752",26,1,2,1,1,6,1,2,3,2,3,6
"2021_3623",54,1,2,2,8,1,3,3,4,2,2,7
"2021_3532",40,1,1,5,12,1,6,1,3,2,2,8
"2021_3140",43,2,1,3,6,2,3,1,4,2,2,6
"2021_2591",63,1,2,2,4,1,6,2,4,2,2,7
"2021_2383",64,1,2,2,6,5,5,2,4,3,4,5
"2021_2501",52,2,3,2,3,1,1,2,4,4,5,3
"2021_716",22,2,1,2,1,4,4,3,3,2,2,8
"2021_3897",25,1,1,1,11,6,5,4,5,1,2,7
"2021_809",30,1,1,5,9,1,5,2,4,3,3,8
"2021_1080",43,2,2,2,9,2,6,2,5,3,3,13
"2021_4004",35,2,1,2,10,1,6,2,4,2,2,6
"2021_1418",53,1,3,1,3,5,6,4,2,4,4,6
"2021_2627",62,1,2,2,5,6,3,3,5,2,3,8
"2021_614",32,2,2,3,4,1,3,2,3,3,2,8
"2021_3703",23,1,1,2,3,5,2,2,4,2,5,14
"2021_1372",28,1,2,1,3,5,5,3,4,2,2,9
"2021_1151",52,2,1,2,2,5,3,1,1,2,3,15
"2021_3704",23,1,2,2,3,6,2,1,1,5,2,5
"2021_3599",50,1,1,3,12,1,6,1,4,1,1,7
"2021_2728",53,1,2,3,7,1,2,4,3,2,4,6
"2021_677",38,1,2,2,2,5,5,1,2,1,2,6
"2021_563",32,2,4,2,1,5,4,1,4,4,4,6
"2021_2954",33,1,3,2,8,1,5,3,4,3,4,6
"2021_105",63,1,2,1,3,1,2,1,3,3,2,4
"2021_484",52,2,2,2,9,6,3,4,4,2,3,7
"2021_2324",40,1,4,2,12,1,6,2,4,2,2,8
"2021_1655",36,2,2,2,2,2,2,2,5,3,3,5
"2021_222",51,2,2,2,8,6,3,1,5,3,3,9
"2021_916",22,2,3,2,10,4,2,2,4,4,4,10
"2021_3531",38,1,1,5,10,1,5,1,4,2,2,5
"2021_2374",48,1,2,2,4,1,4,1,1,3,4,5
"2021_1622",33,2,2,2,7,1,4,1,4,3,3,8
"2021_397",50,1,2,1,1,2,3,4,2,2,4,12
"2021_212",26,2,2,2,5,1,3,4,4,3,1,8
"2021_1074",54,2,1,2,7,1,6,3,5,2,2,6
"2021_359",30,1,2,2,1,5,1,2,1,3,4,4
"2021_2738",50,1,2,2,2,5,6,4,3,3,3,7
"2021_3415",20,2,2,2,3,5,2,3,2,2,3,7
"2021_1633",33,2,2,2,2,5,2,2,3,3,4,10
"2021_1724",44,1,1,3,9,1,3,4,5,2,2,7
"2021_2135",38,1,3,1,5,6,2,2,3,4,3,4
"2021_3455",33,1,1,3,9,1,6,1,5,1,1,8
"2021_2229",60,1,2,3,9,1,6,2,4,3,3,8
"2021_954",29,1,1,1,2,1,2,2,3,3,3,5
"2021_680",48,2,2,1,4,5,5,2,4,3,3,6
"2021_557",22,1,1,4,2,1,2,1,1,4,4,9
"2021_194",43,2,2,2,3,5,2,2,5,3,3,8
"2021_2305",50,1,3,2,8,2,5,3,2,3,3,3
"2021_3800",22,1,2,3,3,5,5,1,1,3,4,8
"2021_472",41,1,1,2,8,1,4,1,4,2,4,7
"2021_486",41,1,1,3,3,2,5,2,2,3,2,5
"2021_697",41,1,1,2,2,5,2,4,4,1,3,10
"2021_655",33,2,2,2,3,5,5,3,2,3,3,8
"2021_2494",63,1,2,2,3,5,3,4,3,3,3,7
"2021_2734",48,1,3,3,4,5,5,2,4,4,4,7
"2021_3551",36,1,2,3,7,1,5,2,4,2,2,7
"2021_1936",40,2,1,3,6,5,2,4,5,3,4,7
"2021_174",36,2,3,4,11,5,3,4,4,3,3,7
"2021_1003",19,2,1,2,3,5,6,1,3,1,2,8
"2021_3417",46,2,2,2,3,5,3,1,3,3,3,8
"2021_1422",18,2,1,3,5,5,2,1,1,1,1,10
"2021_1558",43,2,2,2,4,5,3,4,5,4,3,4
"2021_715",45,2,3,2,11,1,5,4,2,3,3,5
"2021_3987",41,1,1,3,8,1,5,3,5,2,2,10
"2021_2347",39,1,2,2,9,1,6,3,4,1,2,7
"2021_457",43,2,2,1,3,3,2,2,1,3,4,7
"2021_2168",33,1,2,3,3,5,2,2,5,1,1,8
"2021_3907",34,1,2,2,6,1,5,2,4,1,2,8
"2021_544",31,2,2,2,2,3,3,2,2,5,3,6
"2021_2590",54,1,2,2,6,5,3,4,2,2,3,6
"2021_2991",43,2,2,2,5,1,5,1,4,4,4,6
"2021_147",37,2,2,2,4,6,2,4,2,3,4,5
"2021_2300",34,1,2,2,4,1,6,1,5,3,4,5
"2021_53",27,2,2,2,3,5,3,1,4,2,2,8
"2021_1072",18,1,1,1,2,5,4,1,1,1,4,8
"2021_3066",32,1,2,2,7,1,5,2,5,2,4,5
"2021_3552",32,1,1,3,6,1,5,1,4,2,2,7
"2021_197",34,2,2,2,4,2,4,2,4,3,3,8
"2021_2731",32,1,1,2,1,5,2,4,1,1,1,5
"2021_1261",34,2,2,2,6,2,5,1,3,2,4,8
"2021_999",21,2,1,2,3,5,2,1,4,2,2,6
"2021_896",27,1,3,3,5,1,5,3,3,4,4,8
"2021_206",47,2,2,3,3,3,4,3,4,3,3,6
"2021_1840",28,2,2,2,2,5,5,1,5,3,3,7
"2021_3514",42,1,1,4,10,1,6,1,5,1,1,6
"2021_3074",32,2,1,3,11,1,5,2,5,2,1,9
"2021_3807",25,1,1,2,5,5,5,3,5,3,3,6
"2021_2774",47,1,2,3,8,1,5,1,4,2,3,6
"2021_3569",38,1,1,2,3,1,5,1,5,1,1,8
"2021_3677",31,1,1,2,4,1,6,2,5,2,2,7
"2021_740",40,2,2,2,7,1,2,3,4,3,3,5
"2021_1820",36,2,2,2,6,5,2,3,3,4,3,10
"2021_2277",31,1,1,3,9,1,5,1,5,2,2,8
"2021_744",42,2,2,2,3,5,3,1,2,2,3,4
"2021_1852",49,2,2,2,10,1,2,1,2,3,4,4
"2021_3924",45,1,1,2,10,1,5,2,1,1,2,9
"2021_1708",48,1,2,2,2,1,2,2,2,3,3,8
"2021_3356",39,1,1,2,11,1,3,1,2,2,3,7.5
"2021_2512",50,1,2,3,9,1,2,2,5,3,3,6
"2021_900",29,1,1,3,7,6,4,2,2,3,3,6
"2021_3650",30,1,2,1,6,1,6,2,2,2,2,8
"2021_813",25,1,1,3,2,3,2,1,5,2,2,7
"2021_313",42,2,1,2,9,1,4,1,5,2,2,6
"2021_3556",34,1,1,2,10,1,6,4,4,1,1,6
"2021_162",48,2,1,2,4,1,4,1,5,3,5,5
"2021_2679",58,1,2,3,11,1,5,2,2,2,4,8
"2021_1991",35,2,2,2,1,5,3,3,3,1,4,6
"2021_3206",35,1,2,3,12,1,6,1,1,2,2,6
"2021_899",23,2,2,1,6,5,4,2,2,2,3,5
"2021_698",34,1,2,2,6,1,5,3,4,3,3,8
"2021_774",24,2,2,2,2,5,2,2,3,2,1,7
"2021_1307",18,2,1,3,4,5,5,1,4,3,3,9
"2021_2528",45,1,1,4,9,1,6,1,5,1,2,6
"2021_647",31,2,2,3,4,5,5,2,3,3,2,6
"2021_658",60,1,2,2,2,2,3,3,4,2,3,5
"2021_3570",46,1,2,1,2,1,3,4,4,2,2,6
"2021_3086",55,1,3,1,1,5,2,2,4,3,3,8
"2021_1637",30,2,2,3,8,5,5,2,4,3,3,7
"2021_152",24,2,1,3,6,1,5,1,5,1,2,10
"2021_3012",31,2,2,2,8,5,5,3,1,3,4,6
"2021_3097",52,2,2,2,6,1,2,2,2,3,2,8
"2021_2753",33,1,1,2,11,1,6,1,5,1,1,8
"2021_3786",19,3,2,2,3,6,2,3,2,5,4,9
"2021_564",33,2,2,2,9,1,5,2,4,4,4,8
"2021_3641",34,1,1,4,9,1,6,2,5,2,1,8
"2021_3928",33,1,1,2,9,1,6,1,5,2,2,8
"2021_3378",31,2,2,3,3,6,2,2,2,3,3,9
"2021_1793",24,2,2,2,7,1,5,2,4,4,2,6
"2021_20",22,2,1,4,4,5,4,2,5,1,1,9
"2021_1410",44,2,1,2,2,1,3,2,5,4,5,7
"2021_3471",39,2,2,2,6,1,5,2,4,4,4,8
"2021_692",50,1,3,2,5,5,3,2,3,3,4,4
"2021_2756",45,1,2,1,5,1,2,4,4,2,2,6
"2021_561",54,1,2,2,5,5,4,1,4,3,2,6
"2021_161",39,2,1,2,3,5,4,1,1,3,3,6
"2021_1242",26,1,1,3,12,1,5,1,2,4,3,9
"2021_741",53,2,3,1,3,5,3,2,5,4,4,5
"2021_389",54,2,2,3,3,1,6,1,3,4,4,6
"2021_2260",29,1,1,2,8,1,5,1,5,1,3,6
"2021_818",41,2,2,3,3,5,2,3,4,3,4,7
"2021_273",50,1,2,3,5,1,6,1,4,2,4,4
"2021_2539",32,1,2,2,11,1,5,2,4,1,3,7
"2021_3027",36,2,2,1,5,5,5,2,4,4,4,6
"2021_384",44,2,2,2,5,5,5,3,4,3,3,8
"2021_3539",31,1,1,2,9,1,6,1,2,2,3,9
"2021_38",48,2,3,2,9,1,5,4,5,3,2,7
"2021_320",60,2,3,2,2,5,3,4,1,4,4,6
"2021_3624",48,1,1,4,12,1,6,1,1,2,3,8
"2021_1105",38,2,1,1,11,6,5,4,2,3,4,8
"2021_3592",32,1,2,3,8,1,6,3,4,2,2,9
"2021_3256",45,2,2,2,3,2,4,2,2,1,2,8
"2021_267",60,1,2,1,3,4,2,2,2,2,3,4
"2021_3076",50,1,2,2,3,5,5,3,2,2,3,6
"2021_1330",30,2,2,2,3,1,5,2,4,3,3,6
"2021_3381",41,1,1,2,6,1,4,1,5,2,2,11
"2021_3208",51,2,2,2,8,1,5,1,4,3,2,6
"2021_256",39,2,2,2,3,1,5,1,2,1,3,8
"2021_1898",38,2,2,2,2,6,3,3,5,3,4,9
"2021_2545",45,1,3,3,7,5,5,1,1,4,3,6
"2021_1893",62,2,2,2,3,1,2,1,5,1,1,6
"2021_1473",56,2,2,1,4,1,3,1,4,2,4,5
"2021_1544",59,2,3,2,2,2,4,3,1,2,3,7
"2021_1540",24,2,2,2,5,1,3,3,2,4,3,8
"2021_1669",29,2,2,3,6,1,2,2,3,3,3,6
"2021_659",35,1,1,3,9,1,4,2,5,2,2,6
"2021_612",48,2,2,3,10,1,5,3,4,1,2,6
"2021_1144",30,2,1,2,3,5,5,1,5,2,2,8
"2021_1530",24,1,3,2,1,5,3,2,2,4,3,7
"2021_3835",30,1,3,1,8,1,5,2,5,1,2,8
"2021_1286",33,1,2,2,5,1,5,2,3,3,3,8
"2021_1519",56,1,1,2,1,1,3,1,2,2,3,12
"2021_1513",59,2,2,2,11,1,5,2,2,3,3,8
"2021_404",40,2,3,2,5,1,2,1,2,3,3,6
"2021_3998",40,1,1,2,7,1,5,3,4,1,2,7
"2021_1196",38,1,2,1,6,1,2,3,1,3,3,6
"2021_428",36,2,2,3,9,5,4,1,5,3,2,7
"2021_1429",32,1,1,3,10,5,6,1,3,2,2,7
"2021_1378",21,2,1,2,7,1,6,2,3,4,4,10
"2021_735",38,2,1,2,2,1,2,1,3,2,2,8
"2021_1355",41,2,2,2,6,2,5,2,2,2,2,8
"2021_2766",54,1,2,2,4,6,5,3,4,3,3,7
"2021_1751",20,2,1,1,2,1,4,1,2,3,2,9
"2021_3483",41,1,2,3,8,1,5,3,4,2,2,6
"2021_3921",34,1,2,3,9,1,5,3,4,2,4,7
"2021_1969",55,2,2,1,8,1,2,2,2,3,3,7
"2021_3576",45,1,2,2,7,2,4,1,4,4,2,4
"2021_1456",25,2,2,3,3,5,6,3,1,2,4,8
"2021_1102",52,1,2,1,5,6,2,3,2,2,4,5
"2021_3919",30,1,1,3,10,1,6,1,5,1,1,6
"2021_1937",36,2,2,2,7,1,5,1,3,3,4,5
"2021_3141",58,1,2,2,5,6,3,3,2,2,4,6
"2021_1322",47,2,2,2,8,1,5,1,2,3,3,6
"2021_2770",49,1,2,3,6,5,5,4,4,3,3,7
"2021_2690",59,1,3,4,11,1,5,4,3,3,3,6
"2021_3341",38,2,1,2,5,5,4,2,4,2,2,4
"2021_2488",58,1,2,1,3,1,2,4,5,3,4,8
"2021_1402",57,2,2,2,6,1,5,3,5,4,3,5
"2021_2407",35,1,2,3,9,1,6,3,5,2,3,8
"2021_1961",57,2,2,2,2,1,2,1,4,3,4,8
"2021_1989",34,2,2,2,8,1,5,3,5,4,3,6
"2021_1387",45,1,2,2,8,1,5,2,4,2,2,7
"2021_3502",48,2,2,2,7,1,6,4,3,3,3,6
"2021_2438",54,1,3,2,10,1,5,2,4,3,4,8
"2021_2251",42,1,2,2,10,1,6,3,4,1,2,8
"2021_3606",46,1,2,3,11,1,6,3,4,2,3,7
"2021_750",33,2,2,2,2,5,4,3,2,3,2,7
"2021_1333",22,2,1,3,6,5,2,1,1,2,2,3
"2021_3154",35,2,1,1,3,2,5,2,2,3,2,10
"2021_1320",50,2,2,2,5,6,3,2,4,4,3,6
"2021_3477",36,1,1,2,8,1,5,2,5,1,1,9
"2021_1613",40,2,1,1,3,6,1,1,5,4,3,9
"2021_1730",28,1,2,1,9,6,5,4,4,2,3,6
"2021_1295",54,2,2,2,8,5,5,3,4,4,2,7
"2021_3653",34,1,1,3,12,1,6,1,2,3,3,7
"2021_1108",43,1,2,2,9,1,6,2,4,4,4,6
"2021_3294",61,2,2,2,3,1,2,1,2,2,3,8
"2021_707",52,1,2,1,9,2,5,3,3,2,2,6
"2021_632",34,2,1,2,1,1,3,2,2,3,4,4
"2021_788",54,2,1,1,11,1,6,2,5,1,2,7
"2021_4008",31,2,2,2,8,5,5,2,5,3,3,8
"2021_2036",52,1,3,1,5,1,2,2,3,2,3,8
"2021_3879",34,1,2,2,8,1,6,2,2,2,3,8
"2021_2834",50,2,3,2,7,1,4,3,2,3,3,4
"2021_1238",32,2,1,2,10,5,6,1,5,3,4,6
"2021_3009",27,2,1,2,10,6,6,4,4,3,3,8
"2021_2207",35,1,2,2,11,1,6,1,4,2,2,6
"2021_1326",30,1,1,3,3,2,3,1,4,1,2,9
"2021_1539",36,2,2,3,2,6,6,3,3,2,3,7
"2021_3315",63,2,3,2,9,1,4,3,3,3,3,5
"2021_2829",48,2,3,2,3,2,3,4,3,4,5,6
"2021_624",37,2,2,3,5,1,2,1,4,4,3,8
"2021_3304",43,2,2,1,3,1,5,1,5,4,3,9
"2021_2840",51,2,2,2,8,1,3,1,4,2,2,6
"2021_1739",41,2,3,2,2,2,4,1,1,3,2,4
"2021_1206",25,1,1,1,6,1,5,2,4,2,2,18
"2021_4001",38,1,1,2,10,1,5,1,5,1,1,7
"2021_257",61,2,2,2,6,1,5,1,4,2,3,6
"2021_1838",26,2,2,2,3,1,3,3,3,3,4,5
"2021_1178",20,2,2,2,5,5,4,4,4,3,3,8
"2021_1176",53,1,2,1,5,1,2,3,3,3,3,7
"2021_344",26,2,2,2,1,5,2,1,3,3,3,8
"2021_1492",19,2,2,2,5,5,2,1,2,3,2,7
"2021_1816",52,2,2,2,8,1,6,1,4,3,3,6
"2021_3714",20,1,2,3,8,5,3,3,4,3,3,5
"2021_2958",34,1,1,2,8,1,5,4,4,2,2,6
"2021_1393",30,1,1,3,4,1,6,2,1,1,1,5
"2021_2209",38,1,2,2,7,5,5,2,5,2,3,8
"2021_1532",22,2,1,2,2,2,2,1,3,2,2,22
"2021_3560",35,1,2,2,9,1,6,2,4,3,3,6
"2021_3114",27,1,2,3,8,2,3,1,4,3,3,7
"2021_3585",25,1,1,3,9,1,5,1,4,2,1,8
"2021_2469",59,1,1,2,2,5,2,3,3,3,3,8
"2021_1091",26,2,2,2,3,1,4,4,2,2,2,8
"2021_3762",18,1,2,2,10,5,2,2,3,3,4,7
"2021_2810",53,2,3,2,3,5,4,2,2,3,3,7
"2021_3145",25,2,3,2,6,5,3,3,3,4,3,6
"2021_2198",27,1,2,1,6,5,5,3,5,3,3,8
"2021_1482",44,1,1,1,7,1,3,3,3,3,4,9
"2021_1290",38,2,2,1,10,1,5,1,2,1,2,5
"2021_1107",20,2,1,3,2,5,2,2,3,2,2,7
"2021_3732",24,1,1,4,6,5,5,1,5,1,3,7
"2021_3894",46,1,1,3,10,1,6,1,2,2,1,6
"2021_28",21,1,1,2,8,5,3,1,2,2,3,7
"2021_3409",26,2,2,2,10,5,5,2,4,3,3,9
"2021_1366",48,1,1,2,7,1,5,1,5,2,2,7
"2021_2861",47,2,2,3,2,2,3,4,4,3,3,8
"2021_1236",18,1,2,2,5,5,1,2,4,2,1,8
"2021_430",21,2,3,2,1,6,2,4,5,2,3,10
"2021_1350",19,2,2,1,4,5,4,3,3,3,3,8
"2021_1459",62,1,2,2,8,6,3,3,4,3,3,6
"2021_2418",48,1,2,1,5,1,3,3,5,1,3,5
"2021_495",42,2,2,3,5,6,4,2,4,4,4,6
"2021_1066",27,2,3,3,2,3,3,4,5,4,4,10
"2021_1060",34,2,2,2,3,2,5,3,1,3,2,6
"2021_3584",30,1,1,2,10,1,6,2,5,2,2,8
"2021_1511",56,1,3,2,6,1,2,2,3,3,3,7
"2021_3376",19,2,2,2,7,5,5,2,4,3,1,8
"2021_226",46,1,3,1,3,5,2,1,4,2,2,7
"2021_1033",41,2,2,3,9,2,5,4,3,3,4,8
"2021_2619",48,1,1,2,11,1,6,1,1,2,2,8
"2021_3383",60,2,2,3,3,6,3,1,3,2,2,6
"2021_2876",50,1,3,2,8,1,5,1,4,4,3,6
"2021_2836",45,2,2,2,3,5,3,3,4,4,3,5
"2021_2212",41,1,1,2,8,1,6,2,4,1,1,8
"2021_2302",33,1,1,2,10,1,5,1,5,2,2,10
"2021_3064",38,2,3,2,5,3,5,2,5,3,2,5
"2021_2400",62,1,2,1,2,4,2,1,4,3,3,2
"2021_2325",35,1,1,3,11,1,5,1,4,2,2,8
"2021_1374",35,1,1,1,5,6,3,1,1,2,2,6
"2021_852",18,2,2,3,3,5,4,1,2,4,2,8
"2021_1981",28,2,2,3,6,6,5,3,4,3,4,6
"2021_403",37,2,2,3,1,2,3,2,3,3,3,0
"2021_549",33,2,2,2,3,5,2,2,4,4,3,4
"2021_2273",28,1,2,3,7,6,4,4,4,3,4,6.5
"2021_3492",42,2,3,2,7,3,5,3,4,4,2,7
"2021_127",19,2,1,2,1,5,2,3,4,2,2,8
"2021_1959",57,2,2,1,4,1,2,1,4,2,2,6
"2021_3209",43,2,2,3,3,2,3,3,5,2,2,6
"2021_1950",30,1,2,3,2,1,5,3,5,4,4,6
"2021_821",27,2,2,3,5,5,3,2,1,3,4,6
"2021_552",40,2,2,2,4,1,5,1,4,2,3,7
"2021_2384",35,1,2,2,9,1,5,2,4,2,2,8
"2021_3855",36,1,2,4,9,1,5,2,4,1,2,9
"2021_1932",32,1,1,3,5,1,5,1,5,2,4,8
"2021_3425",41,1,1,2,7,5,2,2,4,3,3,6
"2021_1762",52,2,2,2,1,2,3,1,4,2,2,6
"2021_2197",29,1,2,2,1,3,3,1,2,3,3,5
"2021_2923",46,1,2,2,4,1,4,2,4,1,3,7
"2021_3862",43,1,2,2,10,1,5,2,2,2,2,8
"2021_1804",40,2,3,2,6,1,2,3,4,4,3,7
"2021_1200",33,1,2,2,4,3,3,1,2,2,3,6
"2021_543",35,1,3,2,12,1,5,4,3,4,2,4
"2021_445",18,1,2,2,10,6,2,1,4,2,2,7
"2021_1334",32,2,2,1,2,5,3,4,3,4,4,6
"2021_62",25,2,1,2,6,1,4,4,4,2,1,7
"2021_1869",39,2,2,2,1,5,5,3,2,3,4,7
"2021_1121",21,2,1,3,5,5,2,2,1,1,1,5
"2021_3524",47,1,1,4,11,1,6,3,5,2,2,6
"2021_2659",45,1,2,3,6,4,4,3,4,1,1,7
"2021_626",52,2,2,2,4,3,5,3,5,3,4,5
"2021_3684",22,1,2,2,5,5,3,2,4,2,2,6
"2021_1477",46,2,3,2,11,1,5,1,5,4,2,6
"2021_1822",55,2,3,2,1,6,2,4,4,3,3,4
"2021_837",27,1,2,3,8,5,5,2,2,2,3,5
"2021_130",51,2,2,2,6,6,2,3,4,3,2,4
"2021_2474",32,1,2,2,12,1,5,2,4,2,2,7
"2021_3048",30,2,1,3,8,6,2,4,3,3,2,10
"2021_3668",34,1,2,2,3,5,3,4,4,3,3,7
"2021_40",44,1,2,3,6,1,5,1,4,2,4,8
"2021_1130",21,2,1,2,2,5,2,4,3,3,2,7
"2021_922",33,2,3,1,5,1,5,3,3,4,3,5
"2021_2868",47,1,2,4,7,1,3,2,3,3,2,6
"2021_1027",29,1,3,3,2,1,1,2,3,3,3,5
"2021_3865",40,1,1,2,10,1,6,1,5,1,1,6
"2021_2724",63,1,2,1,12,1,6,2,3,3,3,6
"2021_1983",64,1,1,2,3,1,6,1,5,2,3,6
"2021_432",21,2,1,3,3,1,5,2,3,3,3,6
"2021_1750",53,2,2,2,7,1,3,1,1,2,3,6
"2021_3448",33,1,1,3,7,1,6,3,4,2,2,2
"2021_1021",32,1,2,1,10,3,1,2,2,2,2,5
"2021_1163",19,1,1,2,2,5,2,1,4,2,2,8
"2021_2889",54,1,2,3,9,5,6,4,2,1,1,7.5
"2021_1717",45,2,2,1,5,1,5,1,4,2,3,6
"2021_3102",18,1,2,2,4,6,2,1,4,4,4,8
"2021_1120",23,2,1,3,2,1,3,1,3,1,1,12
"2021_1710",39,2,2,2,3,6,4,4,1,3,4,5
"2021_1352",32,2,2,3,1,1,4,2,3,3,4,2
"2021_1293",41,1,2,2,6,5,1,2,4,3,3,6
"2021_618",39,1,1,3,3,3,4,1,3,2,4,9
"2021_1995",36,1,2,1,8,6,4,3,2,4,3,4
"2021_1097",25,2,1,3,10,1,4,2,2,2,3,8
"2021_3550",35,1,1,3,7,1,6,1,5,1,1,7
"2021_2853",53,2,2,2,4,2,5,2,2,3,3,6
"2021_100",37,2,3,3,2,2,4,2,4,3,4,7
"2021_1660",28,1,2,2,2,5,2,3,2,3,3,8
"2021_1142",21,2,1,2,5,5,5,2,3,4,4,3
"2021_3844",42,1,1,3,10,1,6,1,5,1,1,8
"2021_2725",53,1,3,4,2,3,2,1,2,4,3,4
"2021_1098",33,2,2,2,5,5,6,2,1,3,3,5
"2021_1639",57,2,2,2,3,1,3,3,4,3,4,5
"2021_3731",21,1,3,1,2,5,5,1,3,4,4,7
"2021_2517",54,1,2,1,11,1,3,3,2,3,3,6
"2021_1860",30,2,2,2,2,1,4,4,4,3,3,5
"2021_1606",29,2,2,2,3,6,5,2,5,3,4,8
"2021_2009",37,2,2,3,2,4,2,1,4,3,3,5
"2021_3662",32,1,1,2,7,1,5,2,4,1,2,8
"2021_4003",20,1,2,2,6,5,4,3,3,3,2,4
"2021_975",36,2,3,2,8,2,6,3,4,3,4,6
"2021_3636",29,1,1,4,8,1,6,2,5,2,2,7
"2021_3226",35,2,1,2,3,5,2,2,5,1,2,2
"2021_2437",46,1,2,3,3,5,4,3,1,3,4,7
"2021_3184",24,2,1,3,2,6,2,2,5,1,3,6
"2021_791",34,2,1,1,4,1,5,1,1,2,2,7
"2021_167",33,2,3,2,7,1,5,1,4,4,4,7
"2021_3841",44,1,1,3,11,1,6,1,1,1,4,7
"2021_2331",32,1,1,1,3,1,3,2,3,1,1,5
"2021_2784",45,2,1,3,9,5,2,2,4,3,3,8
"2021_3889",32,1,2,3,6,1,6,2,4,1,2,10
"2021_2313",35,1,1,3,9,1,6,2,4,2,2,8
"2021_3593",54,1,3,2,5,3,5,4,4,3,3,7
"2021_2614",61,1,2,3,9,1,3,3,4,3,3,7
"2021_192",25,1,2,2,2,5,2,2,5,2,2,9
"2021_3414",35,1,2,3,2,5,2,2,3,4,4,10
"2021_95",18,2,2,3,5,5,2,2,2,5,2,8
"2021_3500",35,1,1,2,11,1,6,3,5,2,2,8
"2021_966",29,2,2,2,6,1,5,1,4,3,2,8
"2021_2496",31,1,1,2,3,1,6,2,1,1,1,7
"2021_115",35,2,2,2,2,5,4,3,2,4,3,3
"2021_442",27,2,2,2,6,5,3,1,4,2,2,9
"2021_1351",19,2,2,3,7,5,3,3,4,4,3,4
"2021_1090",23,2,2,2,1,5,3,1,4,3,4,18
"2021_2123",36,2,2,2,3,6,2,4,2,4,4,9
"2021_2560",59,1,3,2,6,3,5,3,2,3,3,7
"2021_2206",36,1,1,2,9,1,6,1,5,1,2,6
"2021_163",45,2,2,2,3,2,4,2,4,1,1,6
"2021_2785",53,1,2,2,3,1,3,2,4,2,1,7
"2021_703",48,2,1,1,2,2,2,2,3,4,4,6
"2021_388",61,2,3,2,8,1,3,1,5,3,2,7
"2021_3077",42,2,2,2,2,5,3,1,1,5,4,7
"2021_2452",51,1,2,4,6,1,5,2,2,4,3,6
"2021_1180",18,2,2,2,2,6,2,1,2,3,4,12
"2021_1446",41,2,2,1,2,4,2,2,3,1,1,4
"2021_3774",22,1,1,5,3,5,3,4,3,3,5,6
"2021_803",18,1,2,2,4,5,2,4,2,4,4,10
"2021_613",30,2,1,4,9,1,5,2,5,2,2,2
"2021_2508",34,1,1,2,9,1,6,2,1,1,2,7
"2021_2506",61,1,2,2,5,1,5,1,2,3,3,6
"2021_1834",31,2,2,2,6,1,4,4,3,3,3,7
"2021_2865",49,2,2,2,3,1,4,3,3,4,4,5
"2021_1312",24,2,2,2,3,3,3,2,3,3,3,13
"2021_3000",40,1,2,3,9,5,4,2,2,1,3,6
"2021_2621",49,1,1,5,3,5,6,3,5,2,1,7
"2021_1386",33,1,1,3,2,1,2,1,4,3,3,6
"2021_3672",30,1,2,4,9,1,6,2,4,2,2,8
"2021_2463",26,1,2,3,6,5,2,3,4,3,3,8
"2021_565",40,1,2,3,8,1,5,2,2,2,3,8
"2021_2457",31,1,1,2,10,1,6,3,4,2,2,8
"2021_1349",22,1,2,4,5,1,2,3,2,2,2,8
"2021_2247",35,1,3,2,9,1,5,3,3,3,3,7
"2021_2443",30,1,1,2,7,1,5,1,5,3,1,8
"2021_3610",32,1,3,1,6,5,6,4,4,4,4,7
"2021_751",40,1,4,1,3,5,3,1,3,1,1,6
"2021_2430",54,1,1,2,10,1,6,2,4,2,2,5
"2021_16",35,2,1,2,1,1,5,1,1,2,3,7
"2021_2553",57,1,2,3,10,1,6,4,4,2,2,6
"2021_2681",62,1,2,1,5,1,4,1,5,3,3,7
"2021_732",31,2,1,2,8,1,5,4,2,2,3,5
"2021_3752",19,1,2,2,1,5,3,1,4,2,2,6
"2021_3473",40,1,1,3,11,1,6,1,1,1,1,8
"2021_2256",40,1,1,2,11,1,2,2,4,1,2,6
"2021_2391",37,1,3,4,9,1,5,2,4,1,2,8
"2021_2387",42,1,2,3,6,4,2,1,4,2,3,4
"2021_902",18,2,2,3,3,5,1,3,4,3,3,6
"2021_3128",20,2,1,2,11,5,5,4,5,1,1,9
"2021_3839",38,1,1,3,12,1,6,1,5,3,3,6
"2021_2377",36,1,1,2,10,1,6,1,5,1,1,15
"2021_654",54,2,2,1,3,3,3,2,3,2,3,8
"2021_1753",41,2,2,2,1,6,2,2,5,4,5,7
"2021_3517",38,2,2,2,8,1,5,4,2,3,3,7
"2021_2311",45,1,2,1,1,5,2,3,3,3,3,7
"2021_3978",54,2,3,1,2,3,4,1,1,3,4,5
"2021_3809",44,1,2,2,1,6,4,1,3,1,1,3
"2021_893",34,1,2,2,1,5,4,2,3,4,4,6
"2021_1000",22,2,2,3,3,5,3,2,3,1,2,16
"2021_596",38,2,2,3,6,1,5,3,2,2,3,6
"2021_1627",53,1,2,2,8,1,5,2,5,2,4,5
"2021_3994",36,1,1,1,10,1,6,3,4,1,2,7
"2021_2342",35,1,1,3,9,1,6,2,5,2,2,9
"2021_1234",20,2,2,3,3,3,5,2,2,2,2,19
"2021_1985",53,2,2,2,3,2,4,1,5,4,4,8
"2021_1658",34,2,3,2,7,1,3,1,5,4,3,7
"2021_157",27,2,3,4,6,5,2,3,3,4,5,5
"2021_2142",38,1,2,2,3,2,2,2,1,2,4,9
"2021_2722",59,1,4,2,3,5,5,2,1,3,2,7
"2021_2075",46,1,2,2,7,5,3,1,4,4,4,5
"2021_2312",28,1,2,3,6,1,3,2,4,4,3,5
"2021_2309",40,1,1,3,10,1,6,2,5,2,2,6
"2021_1562",30,2,2,3,4,5,4,4,4,3,3,7
"2021_3648",30,1,2,1,9,1,5,2,4,1,2,8
"2021_981",20,1,1,2,3,4,3,1,1,3,4,10
"2021_433",38,1,1,2,2,1,1,1,5,3,2,6
"2021_2497",57,1,3,2,4,5,4,3,2,2,2,5
"2021_2682",61,1,3,3,6,1,6,1,2,4,3,7
"2021_3254",44,2,2,3,2,5,4,2,4,3,2,10
"2021_1700",49,1,2,2,4,1,5,3,3,3,3,8
"2021_2272",59,1,3,1,8,1,5,4,5,1,3,8
"2021_2382",47,1,3,1,1,5,2,3,3,4,4,9
"2021_3960",35,1,1,2,8,1,6,1,5,1,1,8
"2021_460",19,1,3,2,2,3,2,3,3,3,3,2
"2021_3602",22,1,3,2,5,5,5,2,3,3,3,8
"2021_3446",40,2,3,2,1,6,3,1,1,3,4,7
"2021_2258",40,1,1,2,9,1,6,1,4,3,3,6
"2021_3320",33,2,1,1,7,5,4,1,5,1,1,6
"2021_3688",23,1,3,1,6,5,2,4,3,4,4,7.5
"2021_3562",41,1,3,2,8,1,5,2,3,3,3,6
"2021_1792",36,2,1,3,9,1,5,2,5,3,3,7
"2021_3770",21,1,2,2,2,6,1,4,3,4,4,6
"2021_3286",63,1,2,2,7,1,3,1,3,4,3,5
"2021_2071",63,1,2,2,7,1,4,1,4,4,4,8
"2021_2230",58,1,3,2,10,2,6,4,4,3,2,8
"2021_3771",20,1,1,2,10,1,4,4,3,2,3,9
"2021_1247",30,1,1,2,6,5,5,1,5,1,1,8
"2021_2213",32,1,2,2,6,1,6,2,4,2,2,7
"2021_2203",39,1,2,3,10,1,2,4,2,2,2,7
"2021_1787",48,2,2,2,4,2,3,4,2,3,4,5
"2021_994",23,1,2,2,1,5,2,2,3,3,4,2
"2021_116",49,1,3,1,3,3,2,3,2,3,4,6
"2021_886",34,2,3,2,6,5,3,1,3,4,4,6
"2021_1255",30,2,3,2,8,5,5,4,4,3,3,8
"2021_2301",29,1,1,4,10,5,6,2,4,3,3,10
"2021_1300",26,2,2,3,5,5,4,1,4,3,3,7
"2021_3644",33,1,2,3,5,1,5,2,4,2,2,8
"2021_327",40,1,2,2,7,1,5,2,4,3,3,6
"2021_1335",45,2,2,2,1,5,2,1,1,3,3,8
"2021_3999",30,2,2,4,9,1,6,2,2,3,2,8
"2021_3949",21,1,2,3,4,6,2,3,4,3,4,7
"2021_1036",19,1,4,1,3,5,4,2,2,2,2,4
"2021_3868",45,1,1,2,11,1,6,1,5,1,1,8
"2021_2240",47,1,2,1,5,1,6,2,5,3,3,6
"2021_617",22,2,2,2,1,5,2,2,3,2,2,8
"2021_908",38,2,1,3,9,1,5,1,4,3,4,5
"2021_2239",40,1,2,2,5,1,2,1,2,4,3,5
"2021_2379",34,1,2,2,8,5,6,2,4,2,3,7
"2021_1899",49,1,2,2,3,5,3,2,3,4,4,8
"2021_2918",54,1,3,2,4,5,3,4,1,4,4,6
"2021_1297",30,2,1,2,3,1,3,1,3,2,1,8
"2021_673",23,1,2,1,10,5,2,4,4,4,3,6
"2021_2819",46,2,3,2,6,1,5,3,3,4,4,6
"2021_2101",27,2,1,3,10,1,5,2,4,2,3,7
"2021_2866",47,2,3,3,1,2,3,2,5,3,3,6
"2021_2372",29,1,2,1,1,5,2,3,2,3,2,5
"2021_3849",40,1,1,3,10,1,5,4,5,1,1,8
"2021_2029",36,1,1,2,2,1,2,1,5,3,2,4
"2021_504",36,2,1,3,11,1,5,3,5,2,2,6
"2021_2068",63,1,2,2,6,1,2,1,4,3,3,7
"2021_3743",22,1,1,3,11,5,4,1,4,1,3,8
"2021_3326",30,2,2,2,11,1,6,2,2,2,1,8
"2021_1356",22,2,2,2,3,5,5,2,4,4,2,8
"2021_3804",41,1,2,2,6,5,2,2,4,2,2,8
"2021_3199",29,1,1,2,7,6,3,3,3,2,2,5
"2021_2373",51,1,1,2,9,1,1,1,1,1,1,2
"2021_3327",51,1,3,2,4,2,3,1,4,5,3,4
"2021_730",34,1,2,3,2,5,2,1,3,4,4,8
"2021_1427",30,1,2,2,11,1,6,1,4,2,3,6
"2021_3873",40,1,1,2,6,1,5,1,4,2,2,8
"2021_1148",60,2,2,5,2,4,2,1,5,2,3,5
"2021_2398",46,1,1,2,9,1,6,1,5,3,3,7
"2021_757",52,2,2,2,3,5,2,2,4,3,1,12
"2021_485",28,2,3,2,8,5,3,1,2,3,3,8
"2021_1783",62,2,1,3,3,1,6,1,5,1,2,9
"2021_736",30,2,1,3,6,1,5,1,5,1,1,8
"2021_3429",50,2,2,2,6,5,3,3,4,3,4,5
"2021_2801",46,2,2,2,3,2,3,2,4,3,5,2
"2021_2275",35,1,1,3,11,1,6,1,5,1,1,8
"2021_2518",61,1,3,2,7,1,5,3,2,3,2,7
"2021_927",52,2,3,2,1,4,3,1,1,3,3,0
"2021_1912",62,1,1,1,8,1,3,2,3,2,3,6
"2021_2803",51,2,3,2,2,2,2,4,2,4,4,2
"2021_3188",21,2,2,3,3,5,3,3,4,5,5,8
"2021_3779",20,3,1,2,8,5,6,1,5,4,1,8
"2021_847",40,2,2,2,7,6,5,3,4,3,3,7
"2021_2038",45,2,2,3,8,1,5,1,3,3,2,7
"2021_3385",24,2,3,3,9,5,6,4,3,5,5,4
"2021_3996",21,1,2,2,7,5,3,2,3,4,2,9
"2021_835",46,2,2,3,10,1,2,1,2,3,3,5
"2021_1046",28,2,2,2,12,5,3,3,5,1,1,8
"2021_2911",40,1,1,3,11,1,6,1,5,1,1,6
"2021_2910",39,1,1,3,10,1,5,1,1,3,1,8
"2021_763",49,1,1,3,6,3,3,1,3,2,3,6
"2021_489",30,2,2,1,2,1,2,1,5,3,3,6
"2021_1922",36,1,2,1,8,6,4,3,5,3,3,4
"2021_2895",52,2,2,2,10,1,6,2,4,2,2,7
"2021_1118",27,2,2,3,10,1,5,2,1,2,3,8
"2021_754",30,1,2,2,3,1,4,1,4,3,3,7
"2021_2949",23,1,2,3,8,5,3,2,4,3,3,20
"2021_151",23,2,2,3,3,5,2,2,1,4,4,5
"2021_3236",36,2,1,3,7,1,2,1,4,3,3,8
"2021_3134",25,2,1,2,7,5,3,2,2,1,1,7
"2021_3156",21,2,2,2,2,5,5,2,1,3,3,7
"2021_1155",60,1,3,3,3,1,2,1,2,1,2,6
"2021_3795",20,1,1,2,7,5,3,1,5,2,2,7
"2021_2843",46,2,1,2,5,1,3,3,5,4,2,6
"2021_1771",29,2,2,2,2,5,2,3,3,3,5,7
"2021_474",36,2,2,2,6,6,3,2,1,3,2,8
"2021_407",30,1,2,3,3,5,5,3,3,2,2,6
"2021_1301",28,2,2,1,1,3,2,1,3,3,5,6
"2021_2303",27,1,2,2,9,1,2,1,4,2,2,6
"2021_2838",53,1,3,1,2,5,5,4,3,2,2,9
"2021_3967",36,1,2,3,10,1,6,2,1,1,2,7
"2021_2832",53,2,3,2,3,2,3,1,4,4,4,9
"2021_1225",36,1,3,2,2,5,3,3,1,4,4,9
"2021_2824",47,2,2,2,3,1,3,1,2,2,3,8
"2021_925",43,2,1,2,4,1,4,1,4,3,3,6
"2021_3674",32,1,2,2,9,1,5,2,2,2,3,8
"2021_3847",23,2,2,2,3,5,3,2,4,3,2,7
"2021_34",31,2,2,3,2,5,2,2,4,3,4,5
"2021_2798",54,2,2,3,2,4,3,1,4,4,4,6
"2021_3710",22,3,2,2,6,6,3,3,5,4,3,9
"2021_3801",20,1,3,2,3,5,2,3,2,5,5,8
"2021_3605",54,1,2,2,10,1,3,4,5,1,4,6
"2021_2695",51,1,2,3,6,5,3,1,4,4,5,5
"2021_3360",35,1,2,3,12,1,6,2,4,2,2,11
"2021_2561",60,1,1,2,11,1,6,1,5,1,4,4
"2021_3020",55,1,2,1,3,2,2,2,4,3,3,5
"2021_3057",22,2,1,2,3,5,5,1,5,1,2,8
"2021_829",27,1,2,2,2,5,3,1,2,1,2,5
"2021_1220",20,1,1,1,1,6,3,4,5,1,1,3
"2021_2743",46,1,2,2,11,1,4,4,2,3,3,4
"2021_2661",55,1,2,1,6,1,4,3,4,1,4,6
"2021_960",18,2,2,1,3,5,2,2,4,3,4,10
"2021_2733",47,1,2,2,12,1,6,4,4,4,2,6
"2021_2821",48,2,2,2,6,1,4,3,4,3,3,6
"2021_2718",62,1,2,1,10,1,4,2,4,1,2,8
"2021_2601",49,1,2,3,8,1,6,1,2,2,3,6
"2021_1445",60,1,2,2,12,1,5,1,5,3,2,9
"2021_982",20,2,2,4,7,5,3,3,4,3,3,8
"2021_3412",30,2,2,3,4,1,6,2,5,2,2,9
"2021_440",60,2,3,2,4,6,5,3,4,4,4,9
"2021_3499",44,2,2,2,3,1,3,1,4,3,2,7
"2021_3814",43,1,3,3,3,3,2,2,5,4,4,4
"2021_1897",35,2,3,3,7,1,5,3,2,3,4,8
"2021_1160",37,2,2,1,5,5,4,1,3,2,3,5
"2021_3281",28,2,2,2,5,1,5,2,2,3,2,8
"2021_2129",33,2,2,2,1,1,2,3,5,1,2,16
"2021_3244",35,1,2,1,6,1,5,2,4,3,3,8
"2021_1082",21,2,2,3,4,6,5,3,2,1,3,7
"2021_2150",39,1,2,3,3,1,2,2,4,3,2,6
"2021_4002",21,2,2,1,2,3,6,4,2,4,1,10
"2021_3639",30,1,1,2,8,1,5,2,5,1,2,7
"2021_3535",43,1,1,2,10,1,6,1,5,2,2,6
"2021_794",48,1,2,2,5,1,3,2,4,3,3,8
"2021_621",49,2,1,1,2,1,6,1,3,1,1,8
"2021_1478",60,2,3,2,2,5,2,2,3,2,3,8
"2021_3516",40,1,1,3,9,1,6,1,3,1,1,8
"2021_1229",34,2,3,2,4,1,5,2,3,3,3,8
"2021_3696",23,1,2,3,2,5,6,4,4,4,3,7
"2021_3219",25,2,1,2,12,6,6,4,5,3,2,6
"2021_2147",28,2,2,3,9,1,3,3,5,2,2,7
"2021_3125",29,2,2,2,3,1,3,1,2,2,5,10
"2021_3367",53,2,2,1,3,2,2,1,5,1,2,6
"2021_3484",36,1,1,3,11,1,6,2,3,2,3,8
"2021_1609",25,2,2,2,2,5,2,2,2,5,3,8
"2021_2375",25,1,2,1,2,5,2,3,4,2,2,5
"2021_3480",50,2,2,2,4,2,5,2,3,3,3,8
"2021_3318",59,1,2,2,10,1,5,4,5,3,3,8
"2021_3340",35,1,1,2,7,1,6,1,4,1,1,4
"2021_667",55,2,2,2,4,5,4,1,1,2,2,7
"2021_1408",26,2,3,3,5,1,2,1,4,4,4,5
"2021_3470",54,2,2,4,9,1,5,3,2,2,2,9
"2021_3467",39,2,3,2,5,2,5,3,4,3,4,6
"2021_3465",25,2,2,2,3,5,3,2,3,4,4,6
"2021_2904",30,1,2,2,11,1,6,2,4,3,3,7
"2021_2196",44,1,2,2,3,2,2,2,4,1,4,5
"2021_1434",63,1,3,2,6,1,5,2,1,3,2,5
"2021_3686",23,1,2,2,3,5,2,2,2,2,4,6
"2021_2118",40,2,2,3,3,2,4,2,4,2,2,7
"2021_3741",22,1,2,3,1,6,5,4,4,3,2,7.5
"2021_499",53,2,2,2,4,2,5,2,4,2,1,9
"2021_3031",57,2,2,1,7,1,3,2,5,3,3,6
"2021_306",62,1,2,2,10,1,6,2,3,3,3,7.5
"2021_2489",50,1,2,1,7,1,4,2,5,3,2,7
"2021_4011",18,1,2,2,3,5,4,1,2,4,4,7
"2021_535",26,1,2,3,3,1,3,2,2,3,2,10
"2021_951",35,1,2,2,7,1,4,1,2,2,4,7
"2021_3571",31,1,1,1,10,1,6,2,1,2,2,7
"2021_3394",22,2,2,3,8,4,4,1,3,3,4,6
"2021_58",35,2,1,2,7,1,3,1,4,2,3,7
"2021_1309",28,2,3,2,2,5,4,1,2,4,3,4
"2021_66",52,1,2,2,5,1,5,4,3,3,3,7
"2021_3314",41,2,3,2,9,1,6,3,3,5,3,6
"2021_3411",32,1,1,2,3,5,2,2,5,1,1,8
"2021_3708",21,1,2,2,12,5,4,3,2,2,1,8
"2021_1701",21,2,2,2,2,5,2,3,4,3,3,8
"2021_688",47,2,2,2,1,5,5,2,2,2,3,4
"2021_589",30,1,2,1,9,1,6,2,4,2,2,8
"2021_2992",52,2,2,2,3,1,3,1,5,3,3,5
"2021_3309",32,2,2,2,3,5,5,3,2,3,3,5
"2021_317",63,1,3,1,1,2,2,1,3,3,3,5
"2021_1216",48,2,2,3,2,2,5,1,4,3,3,8
"2021_1187",22,2,2,1,1,6,4,2,2,3,4,5
"2021_2000",37,2,2,3,4,1,3,4,4,3,3,8
"2021_2321",30,1,1,3,11,1,6,2,5,2,2,8
"2021_602",58,2,1,1,2,2,3,2,1,5,5,5
"2021_2656",58,1,2,2,11,1,3,3,3,2,2,6
"2021_728",55,2,3,2,9,1,5,1,3,4,5,8
"2021_2932",63,1,2,1,5,2,3,2,5,1,2,7
"2021_3709",21,1,2,3,2,5,3,4,1,4,2,8
"2021_850",26,2,1,4,2,6,5,4,3,2,3,5
"2021_993",33,2,2,2,12,1,5,2,3,3,1,8
"2021_3246",35,2,3,1,6,5,5,4,4,4,2,7
"2021_1796",59,1,3,2,9,1,3,1,4,2,4,6
"2021_1192",18,2,1,2,3,5,2,1,5,4,1,6
"2021_2897",54,2,1,2,6,2,5,2,5,2,2,7
"2021_1577",57,2,2,1,4,2,2,1,4,3,3,5
"2021_3205",62,2,3,2,6,6,3,1,4,3,3,8
"2021_1791",42,2,2,2,8,1,4,2,2,2,4,6
"2021_178",35,2,2,2,2,5,2,1,2,2,3,8
"2021_2589",61,1,2,3,8,1,6,1,4,2,2,7
"2021_1596",26,2,2,2,4,5,1,3,5,2,2,7
"2021_2103",33,2,2,2,2,3,2,2,5,4,3,5
"2021_3162",34,1,1,3,3,5,3,2,3,1,1,8
"2021_3635",30,1,1,2,9,1,5,3,4,1,2,8
"2021_3910",30,1,1,2,8,1,6,2,5,1,2,8
"2021_1642",24,2,3,2,2,1,2,1,4,4,3,6
"2021_2162",46,2,2,2,1,1,2,1,1,4,4,6
"2021_3152",31,2,2,2,7,1,2,2,5,3,5,6
"2021_104",61,1,3,1,9,1,3,4,4,3,3,6
"2021_3133",49,1,3,1,8,5,2,3,3,4,3,6
"2021_3129",43,2,2,2,2,5,5,1,3,3,4,6
"2021_992",25,2,1,2,6,3,5,1,1,2,2,10
"2021_1835",38,2,2,2,2,2,5,1,5,4,3,6
"2021_1150",51,2,2,1,3,5,2,1,4,2,4,6
"2021_3568",42,1,1,2,9,1,6,1,5,3,3,8
"2021_2024",48,2,3,2,6,1,2,2,1,4,3,5
"2021_3104",21,2,3,1,5,5,5,2,2,5,3,8
"2021_1522",50,2,2,3,7,1,4,3,4,1,2,7
"2021_3082",53,2,2,2,7,6,3,1,4,2,4,8
"2021_3096",41,1,2,1,6,2,4,4,5,2,2,5
"2021_83",25,2,2,3,9,5,6,3,1,2,3,6
"2021_2355",38,1,1,2,9,1,6,1,4,3,2,8
"2021_1392",25,1,3,3,3,1,5,3,2,4,2,8
"2021_3088",18,2,2,3,3,6,3,3,3,4,3,8
"2021_1338",40,1,2,2,8,1,6,3,4,2,2,6
"2021_3540",31,1,2,2,9,1,6,2,2,2,2,7
"2021_532",62,1,1,3,10,1,6,4,4,1,1,7
"2021_996",24,2,2,2,3,5,4,1,3,3,4,6
"2021_3155",35,1,2,1,5,5,3,4,4,2,2,7
"2021_1466",55,1,2,2,7,2,3,2,4,4,4,6
"2021_3942",33,2,2,2,3,5,5,2,3,2,2,7
"2021_2158",60,2,2,4,4,2,3,2,1,4,4,6
"2021_3054",34,2,2,2,5,1,3,1,5,2,2,8
"2021_3665",31,1,2,2,9,1,6,2,5,2,2,8
"2021_331",59,2,2,2,3,1,2,1,4,2,3,5
"2021_2990",32,1,2,3,6,2,4,4,4,3,3,10
"2021_3883",50,1,1,3,11,1,6,1,1,3,2,6
"2021_232",57,1,2,2,11,4,3,1,2,1,2,10
"2021_1215",49,1,1,1,4,5,4,2,5,3,4,12
"2021_3021",22,1,2,2,7,5,3,1,3,4,4,6
"2021_3916",31,1,1,3,10,1,6,2,5,1,1,8
"2021_2550",60,1,2,4,11,5,6,1,4,3,3,6
"2021_4013",24,2,1,2,6,5,2,1,2,2,1,7
"2021_1895",57,2,4,2,2,5,3,1,1,3,5,6
"2021_1213",35,2,2,3,6,1,5,2,4,2,4,7
"2021_3923",32,1,1,3,6,1,5,2,4,2,2,5
"2021_653",24,2,2,2,2,5,2,4,4,2,2,7
"2021_3802",20,1,1,2,10,5,4,1,2,3,2,1
"2021_3213",64,2,1,2,6,1,4,1,1,2,2,6
"2021_2177",28,1,4,2,6,5,4,3,1,4,3,5
"2021_1384",54,1,2,2,6,1,2,2,1,3,5,6
"2021_953",36,2,1,1,9,1,5,2,1,2,2,24
"2021_3951",42,1,2,2,12,6,5,4,4,2,2,7
"2021_2030",38,1,2,2,8,1,2,1,4,3,3,8
"2021_3936",33,2,2,2,1,1,1,3,1,3,3,8
"2021_1919",48,2,2,1,2,5,3,2,1,3,5,5
"2021_3424",33,2,2,2,3,1,2,1,3,2,2,7
"2021_1099",30,1,2,2,11,1,5,3,5,1,1,7
"2021_1371",21,1,1,3,11,2,5,1,1,2,1,9
"2021_682",56,2,2,2,6,1,6,1,3,4,3,6
"2021_333",60,1,2,3,7,1,3,1,4,3,3,7
"2021_426",28,2,1,1,2,5,2,3,5,4,3,8
"2021_683",45,2,2,2,4,5,4,1,3,3,3,5
"2021_3563",35,1,2,2,11,1,5,2,4,2,3,8
"2021_3914",31,1,1,2,8,1,5,3,4,1,3,10
"2021_3769",21,1,2,1,9,5,2,1,5,1,2,9
"2021_3908",33,1,1,2,5,1,6,1,5,1,2,7
"2021_3903",32,1,2,1,8,1,5,2,4,2,3,6
"2021_3895",34,1,1,2,9,1,6,1,5,1,2,6
"2021_1032",23,1,2,1,3,5,1,1,4,4,1,8
"2021_3893",31,1,1,2,2,1,5,3,4,1,2,8
"2021_3890",33,1,2,2,11,1,6,3,5,2,3,6
"2021_527",23,1,2,2,2,5,2,2,4,4,3,8
"2021_3926",34,1,2,2,9,1,6,1,4,1,2,8
"2021_3876",47,1,2,3,12,1,6,2,4,2,3,8
"2021_3864",44,1,2,1,2,5,6,3,4,1,3,6
"2021_2134",63,2,3,2,8,1,3,1,5,3,3,8
"2021_2495",55,1,3,1,6,5,5,4,2,4,1,6
"2021_3440",38,2,2,2,5,5,6,2,4,3,3,8
"2021_1789",39,2,2,2,4,1,2,1,1,3,3,6
"2021_2704",47,1,2,1,1,5,2,2,3,2,2,6
"2021_2940",23,1,2,2,6,5,2,4,5,3,3,7
"2021_2637",64,1,2,3,11,1,4,4,3,2,2,7
"2021_1395",45,2,2,2,5,5,4,3,2,3,4,6
"2021_3330",36,2,2,2,7,1,2,2,3,1,2,7
"2021_3805",35,1,1,3,11,1,5,2,4,2,2,10
"2021_3691",20,3,2,3,2,6,3,4,2,4,4,9
"2021_2341",35,1,2,3,11,1,6,1,5,1,1,7
"2021_1742",40,2,2,2,2,5,1,1,1,3,3,6
"2021_3725",18,1,4,2,1,5,1,2,2,4,4,5
"2021_3791",23,1,2,3,2,5,4,2,4,2,3,6
"2021_3843",41,1,1,2,8,1,6,1,4,2,2,8
"2021_3788",20,1,1,2,6,6,2,2,3,4,4,9
"2021_2454",60,1,2,2,7,1,5,1,3,2,2,6
"2021_3626",53,1,2,2,8,1,3,3,3,3,2,4
"2021_2967",21,1,1,2,8,1,5,2,4,3,3,8
"2021_3765",21,1,1,2,5,5,1,4,4,1,4,4
"2021_3979",19,2,1,2,2,2,2,2,3,2,1,5
"2021_2663",57,1,2,2,12,1,3,1,4,1,3,6
"2021_1345",28,2,2,2,5,5,4,2,2,2,3,7
"2021_1488",59,1,3,2,7,5,3,1,1,3,5,11
"2021_931",35,2,2,2,6,1,4,2,2,3,3,6
"2021_1464",34,2,3,2,6,5,5,2,2,3,2,3
"2021_1831",47,2,2,2,4,3,4,2,5,2,2,7
"2021_2293",40,1,2,2,11,1,6,2,4,2,2,7
"2021_2649",50,1,1,2,11,1,6,1,4,2,2,1
"2021_3085",22,2,2,3,4,1,5,4,4,3,2,7
"2021_2220",40,1,1,3,3,6,2,3,3,2,3,6
"2021_2578",64,1,3,3,8,1,5,3,2,4,4,6
"2021_3522",36,1,2,3,7,1,5,2,4,1,2,7
"2021_3656",30,1,1,2,9,1,5,2,5,1,2,7
"2021_3673",22,1,1,3,8,5,4,2,5,2,1,8
"2021_2143",42,2,2,2,2,6,2,2,4,2,2,10
"2021_2638",54,1,3,2,8,1,4,2,4,3,4,4
"2021_3899",30,1,2,2,4,1,5,2,4,1,1,11
"2021_1054",63,2,2,4,9,2,6,1,2,3,3,6
"2021_1600",23,2,2,3,3,5,5,1,5,2,3,5
"2021_3493",38,1,1,4,12,1,6,3,5,2,1,6
"2021_352",60,2,3,2,5,2,5,4,2,4,3,8
"2021_681",19,1,1,2,1,2,2,2,1,1,1,8
"2021_694",20,2,2,3,10,5,5,1,3,3,2,8
"2021_1480",43,1,2,1,6,2,2,1,2,1,2,8
"2021_3680",32,1,2,2,2,5,2,3,2,3,3,4
"2021_831",45,2,1,2,1,1,5,1,5,1,1,5
"2021_2920",27,1,3,2,3,5,4,4,4,4,3,4
"2021_111",64,1,3,1,3,6,3,4,1,2,2,5
"2021_3666",31,1,2,3,7,1,5,1,1,3,3,6
"2021_1572",35,2,2,2,5,5,5,4,2,1,1,5
"2021_2525",55,1,1,3,4,2,4,2,4,2,2,7
"2021_2669",54,1,1,2,12,1,6,4,5,2,2,7
"2021_3439",54,2,3,2,2,5,3,1,2,4,3,7
"2021_641",30,1,1,4,10,1,5,2,5,2,2,8
"2021_2793",47,1,2,1,4,1,5,2,4,2,3,8
"2021_1645",45,2,2,1,9,3,5,1,4,3,3,7
"2021_897",28,2,2,2,3,6,2,1,5,2,3,7
"2021_1704",46,1,2,3,10,1,2,1,5,2,3,8
"2021_3634",25,1,1,3,8,1,6,1,5,2,2,6
"2021_3508",52,2,2,2,5,2,3,4,5,2,2,7
"2021_3598",46,1,1,2,10,1,6,2,4,2,2,5
"2021_587",33,1,2,2,3,1,5,2,4,3,3,8
"2021_1568",21,2,1,3,1,3,4,2,4,4,4,8
"2021_2138",44,1,3,2,8,1,4,2,3,2,2,5
"2021_2322",33,1,2,3,10,1,5,2,4,2,2,6
"2021_2405",27,1,2,2,4,5,5,3,4,3,4,6
"2021_3564",35,1,2,2,9,1,6,3,4,1,2,7
"2021_3058",57,2,2,4,12,1,5,1,5,2,3,7
"2021_2332",30,1,1,3,8,1,5,1,4,2,2,7
"2021_225",45,2,2,2,5,6,2,4,5,4,2,5
"2021_2402",31,1,2,3,9,6,3,2,3,2,2,6
"2021_3660",33,1,3,2,7,1,5,1,4,2,2,10
"2021_3554",36,1,2,2,9,1,5,2,4,1,2,12
"2021_3589",34,1,1,3,7,1,6,3,4,1,3,8
"2021_72",35,2,2,2,5,1,3,2,5,2,2,7
"2021_1471",47,2,2,2,3,4,5,3,4,2,3,3
"2021_2964",22,1,2,1,1,3,1,1,3,4,3,15
"2021_3811",34,1,2,3,11,5,5,4,4,5,4,4
"2021_780",45,2,1,2,9,1,2,2,4,4,3,6
"2021_1564",23,1,1,1,6,5,5,3,4,4,3,7
"2021_3198",30,2,2,3,5,6,4,3,3,4,3,8
"2021_585",48,2,3,2,3,2,3,2,4,3,4,8
"2021_1205",18,2,2,3,1,6,2,2,3,1,1,7
"2021_619",34,2,1,2,4,4,5,3,3,4,4,4
"2021_656",35,2,2,2,4,5,5,2,4,3,4,8
"2021_183",29,2,2,1,1,5,2,3,3,3,3,7
"2021_1760",50,2,2,1,2,5,2,1,4,3,5,5
"2021_1790",60,2,2,3,5,1,5,4,3,3,4,4
"2021_298",21,2,1,3,1,5,3,2,3,3,3,9
"2021_650",60,1,3,2,3,6,3,2,4,4,3,4
"2021_179",18,2,2,2,10,6,3,3,1,5,5,5
"2021_2978",25,2,1,2,8,1,5,2,3,4,1,3
"2021_2462",63,1,3,2,2,5,3,1,4,4,4,6
"2021_2121",62,1,3,1,5,1,2,2,3,3,2,6
"2021_3379",55,2,3,2,3,5,3,1,1,4,4,4
"2021_238",51,1,3,2,8,1,3,2,5,4,3,7
"2021_394",38,2,3,2,2,5,3,1,4,5,4,6
"2021_3196",31,1,1,2,9,1,6,1,4,2,2,8
"2021_1171",37,2,3,2,3,1,4,2,3,4,4,8
"2021_357",18,2,2,2,1,5,1,2,3,4,4,6
"2021_61",33,2,3,3,4,1,2,1,4,2,4,4
"2021_1079",48,1,3,2,2,5,2,3,4,3,3,6
"2021_240",36,1,2,2,3,2,2,2,3,3,2,4
"2021_2149",34,2,2,3,4,6,5,2,5,4,2,10
"2021_264",21,2,1,3,2,5,3,2,2,2,3,8
"2021_149",25,2,1,3,3,5,5,2,3,3,3,8
"2021_1031",19,2,2,1,2,4,5,1,4,5,2,8
"2021_1232",34,1,2,3,2,2,3,1,2,2,3,12
"2021_30",25,2,2,2,5,6,3,3,5,3,3,7
"2021_216",52,2,3,1,3,2,3,4,4,4,4,7
"2021_1524",18,1,1,2,2,5,2,2,3,3,3,11
"2021_3190",19,2,2,1,3,5,2,1,1,2,3,8
"2021_1183",23,2,1,2,5,5,4,2,1,2,1,8
"2021_156",38,2,2,2,3,6,2,3,4,5,3,4
"2021_3588",45,1,1,3,12,1,6,1,5,1,1,10
"2021_2216",38,1,1,3,7,1,4,2,3,3,2,7
"2021_1281",26,2,2,2,4,5,5,3,5,3,3,6
"2021_919",19,2,2,3,3,5,1,4,2,4,4,9
"2021_3671",34,1,1,2,1,5,2,1,2,1,2,8
"2021_1025",18,2,1,2,4,5,2,2,1,2,2,9
"2021_60",27,2,2,2,5,6,2,3,4,4,3,6
"2021_594",24,2,1,2,10,5,5,2,3,2,2,9
"2021_2",38,2,1,2,3,2,2,1,3,3,5,8
"2021_2368",50,1,3,2,7,3,3,4,3,4,3,6
"2021_3055",22,1,1,2,9,5,2,1,4,1,1,6
"2021_1254",34,2,2,2,11,1,6,1,4,2,2,7
"2021_3956",34,1,2,2,4,1,4,3,3,3,3,6
"2021_2902",52,2,2,3,8,1,5,2,1,3,3,5
"2021_1379",23,2,3,2,3,1,2,2,4,2,3,8
"2021_7",37,2,2,2,4,1,2,2,3,4,5,6
"2021_972",20,2,1,2,3,5,2,2,3,3,1,8
"2021_3126",32,2,3,3,6,6,5,1,2,3,3,6
"2021_1597",39,2,2,2,3,1,2,1,2,4,4,7
"2021_937",25,1,3,1,3,5,5,4,4,2,4,6
"2021_610",41,2,3,2,2,5,4,2,3,3,3,4
"2021_2498",30,2,1,2,2,5,2,2,3,2,3,7
"2021_2980",39,2,3,3,2,2,3,4,4,3,3,7
"2021_1308",18,2,2,3,3,5,4,2,4,3,2,6
"2021_935",61,2,3,1,4,1,3,1,1,3,3,5
"2021_1093",20,2,1,1,12,5,6,2,5,4,1,12
"2021_1940",40,2,2,2,9,1,5,2,4,3,3,7
"2021_3158",18,2,2,2,6,5,2,1,4,3,3,8
"2021_3837",47,1,1,5,12,1,6,1,4,3,3,5
"2021_2963",23,1,2,3,8,3,5,2,3,3,3,6
"2021_3351",38,2,3,2,3,5,3,1,2,3,3,7
"2021_1227",38,2,2,1,3,5,3,4,4,3,3,5
"2021_690",23,2,1,3,6,5,5,2,2,1,3,7
"2021_2222",40,1,1,3,11,1,6,2,1,2,2,8
"2021_880",22,2,3,2,2,3,2,2,3,3,4,4
"2021_2667",46,1,3,2,3,5,2,4,4,4,4,9
"2021_3918",30,1,1,1,8,1,5,3,2,3,2,6
"2021_3613",46,1,1,3,10,1,6,1,5,2,2,8
"2021_3223",41,2,2,2,3,5,5,2,3,2,2,7
"2021_3612",33,1,1,3,11,1,5,2,5,1,1,10
"2021_4006",35,1,1,3,8,1,6,2,5,1,1,8
"2021_446",61,1,2,2,7,1,5,1,3,2,2,5
"2021_3565",41,1,1,3,7,1,6,1,5,1,2,6
"2021_2011",38,1,3,3,1,6,2,1,4,5,5,6
"2021_1201",40,1,2,1,3,1,5,4,2,2,2,7
"2021_46",40,2,2,2,2,5,2,3,1,4,3,6
"2021_3858",39,1,1,4,11,1,2,1,1,2,2,5
"2021_1415",25,1,1,2,12,1,6,2,1,3,3,6
"2021_3695",19,1,1,3,3,5,2,2,5,1,1,8
"2021_3234",18,2,2,2,4,5,2,2,3,2,3,7
"2021_3110",23,2,3,2,1,5,5,4,2,4,5,8
"2021_1377",18,2,2,2,1,5,2,2,3,4,3,7
"2021_427",18,2,2,2,3,6,2,4,3,5,3,9
"2021_1455",31,2,2,3,6,5,5,4,2,3,5,6
"2021_2094",50,2,2,2,2,5,3,2,2,4,2,4
"2021_1268",19,2,1,3,4,5,4,3,3,3,4,6
"2021_3724",18,1,2,2,3,3,3,2,2,4,4,7
"2021_1555",32,2,2,3,3,5,3,3,2,4,4,7
"2021_1528",50,1,1,1,1,1,3,2,2,2,2,7
"2021_3789",23,1,1,3,7,5,2,2,5,1,1,7
"2021_1498",56,2,3,1,1,4,3,1,1,4,4,4
"2021_1175",21,2,1,2,8,1,6,3,5,1,1,9
"2021_375",24,2,2,3,4,5,3,1,5,4,3,8
"2021_437",27,2,4,2,2,6,2,3,3,5,4,4
"2021_2278",41,1,1,2,11,1,6,2,4,3,3,8
"2021_3694",19,1,3,3,10,6,2,4,2,4,4,6
"2021_752",32,2,2,3,7,1,5,1,4,3,3,6
"2021_1733",23,2,2,4,3,6,3,1,3,4,1,9
"2021_1683",50,2,3,2,2,3,2,1,4,3,5,6
"2021_3821",26,1,1,1,12,5,3,3,3,3,1,5
"2021_1475",42,2,3,2,6,1,3,4,5,3,3,8
"2021_398",42,1,3,2,4,1,4,3,3,4,3,7
"2021_1610",26,2,2,2,9,1,6,2,5,3,4,8
"2021_3180",26,2,2,2,2,5,2,2,1,5,5,6
"2021_3780",22,1,2,2,5,5,2,3,3,4,5,6
"2021_1061",21,2,1,2,2,5,2,3,2,2,3,8
"2021_853",28,2,2,3,3,6,2,1,5,2,2,9
"2021_833",21,1,1,2,5,3,4,1,1,1,1,2
"2021_2859",45,2,4,2,3,5,4,4,2,5,4,6
"2021_158",38,1,2,2,3,5,4,1,4,1,2,7
"2021_1353",21,2,1,3,5,5,6,3,3,4,3,6
"2021_494",33,2,3,1,1,6,2,1,3,4,4,5
"2021_3523",40,1,2,3,12,1,6,2,3,2,3,5
"2021_588",40,1,2,3,5,1,6,3,4,4,2,6
"2021_3528",34,1,2,2,9,1,6,2,4,2,1,6
"2021_784",20,1,1,2,2,5,2,1,2,2,2,10
"2021_438",46,2,2,2,8,1,3,1,4,4,3,9
"2021_1189",33,1,1,4,7,1,6,2,3,3,3,8
"2021_3202",30,1,1,3,11,1,5,2,4,1,1,8
"2021_950",57,2,3,1,6,3,4,1,2,4,2,5
"2021_2279",43,1,3,2,9,2,4,3,2,3,3,8
"2021_323",31,2,2,2,2,3,3,2,3,5,3,5
"2021_1829",36,2,2,2,4,6,3,1,2,4,4,8
"2021_3678",31,1,1,3,9,1,6,2,5,1,1,8
"2021_2178",33,1,1,2,12,1,6,1,5,2,2,10
"2021_15",51,1,2,2,12,1,2,2,5,3,3,6
"2021_519",21,2,1,2,2,5,3,1,4,2,2,9
"2021_3490",50,2,1,2,9,1,5,1,4,3,3,7
"2021_1709",26,2,2,3,3,5,2,2,2,3,2,6
"2021_3015",24,2,1,2,2,1,4,1,2,2,3,6
"2021_3375",27,2,1,2,3,1,3,4,3,2,4,6
"2021_2133",52,1,3,2,5,1,2,2,4,4,5,3
"2021_3820",46,1,3,3,5,5,5,2,2,3,3,6
"2021_652",21,1,2,3,4,5,5,2,4,2,3,7
"2021_1616",31,1,2,3,5,5,4,4,4,3,3,7
"2021_3453",53,2,3,2,10,1,4,3,1,3,3,7
"2021_3567",53,1,2,1,7,6,3,3,2,2,3,7
"2021_2701",46,1,2,2,2,6,2,2,3,3,3,6
"2021_2183",39,1,2,2,2,5,5,1,4,4,3,8
"2021_2459",30,1,1,2,9,1,5,2,4,2,2,8
"2021_2894",47,2,2,2,2,2,4,3,4,3,3,7
"2021_11",34,2,3,2,7,6,4,1,4,4,3,6
"2021_1369",45,2,1,1,1,5,2,1,3,3,3,12
"2021_1638",39,2,3,2,4,5,5,4,2,3,3,4
"2021_1016",21,3,2,2,1,6,5,3,4,3,3,5
"2021_1058",20,2,2,2,1,5,1,4,3,3,3,8
"2021_2195",27,1,1,2,3,1,2,3,4,3,4,5
"2021_662",41,2,2,3,3,1,5,1,4,4,4,5
"2021_2350",41,1,2,3,6,1,5,2,4,3,3,5
"2021_702",26,2,2,1,5,1,4,2,3,3,3,0
"2021_1278",24,2,1,2,7,5,6,2,2,2,3,4
"2021_2908",40,1,1,2,11,1,5,1,5,2,1,7
"2021_3898",33,1,1,2,10,1,5,2,4,1,2,8
"2021_1138",56,2,2,3,3,3,2,1,2,3,3,5
"2021_142",38,1,3,2,4,1,2,1,1,3,3,5
"2021_3071",20,2,1,2,1,5,2,2,2,3,5,7
"2021_1116",45,1,3,2,7,3,5,1,3,2,4,12
"2021_3955",54,1,2,1,9,1,3,3,3,4,4,6
"2021_29",42,2,2,2,1,1,1,3,4,4,5,4
"2021_2757",28,1,2,1,8,1,2,4,4,3,4,4
"2021_1939",40,2,2,2,2,3,2,2,3,5,5,12
"2021_3679",28,1,1,3,8,3,4,2,3,3,4,12
"2021_1818",39,1,2,2,7,5,3,2,2,3,3,8
"2021_839",34,2,3,1,1,1,2,3,5,5,2,5
"2021_2594",53,1,2,2,5,5,5,2,3,2,2,7
"2021_1740",20,1,1,2,4,1,2,4,3,3,3,10
"2021_2045",39,2,2,3,2,2,4,1,4,2,4,9
"2021_2199",50,1,3,2,5,2,3,4,4,4,5,6
"2021_3733",21,1,3,3,1,5,3,3,4,3,3,6
"2021_1005",31,2,3,2,5,5,3,1,1,3,3,8
"2021_3609",53,1,4,3,8,2,4,2,5,4,2,6
"2021_870",59,2,3,1,3,4,6,1,2,3,1,6
"2021_3039",24,2,2,2,6,1,4,1,2,4,3,6
"2021_284",35,2,1,2,4,1,3,1,1,1,3,16
"2021_1136",25,1,2,3,1,1,3,1,3,5,5,0
"2021_3992",38,1,1,3,11,1,5,1,5,1,1,8
"2021_1543",47,1,4,1,6,1,4,4,1,3,3,6
"2021_2124",31,2,2,2,2,1,5,1,4,4,2,8
"2021_4010",20,3,3,5,2,5,6,2,5,4,2,7
"2021_293",59,2,2,1,3,1,2,2,4,4,3,16
"2021_2245",32,1,3,2,5,2,3,4,2,5,5,6
"2021_3506",35,1,1,3,9,1,6,2,1,1,1,9
"2021_2117",37,1,2,2,2,1,2,1,2,4,4,7
"2021_1174",19,1,2,2,5,5,4,2,3,5,3,7
"2021_393",36,2,3,2,5,4,6,2,3,4,3,6
"2021_3860",42,1,2,2,11,1,5,3,4,3,3,5
"2021_2982",29,2,3,2,2,2,6,1,4,3,3,7
"2021_3325",30,2,4,2,1,1,4,1,1,3,2,6
"2021_3597",47,1,1,2,10,1,6,2,5,2,2,6
"2021_1598",30,1,2,2,6,5,5,2,2,2,2,4
"2021_2140",29,2,2,2,2,2,2,4,3,3,3,6
"2021_851",19,2,2,2,6,5,4,1,2,2,2,8
"2021_191",23,2,1,2,1,5,2,3,4,4,3,6
"2021_3042",40,1,1,1,7,1,6,3,2,1,1,8
"2021_294",55,2,1,4,1,1,4,2,3,3,3,8
"2021_185",29,1,2,2,3,1,2,1,1,5,3,5
"2021_2989",24,2,2,2,3,5,1,2,1,3,3,7
"2021_2981",24,2,1,2,2,1,4,2,3,4,3,7
"2021_3428",18,2,2,2,3,5,2,2,5,4,3,5
"2021_1063",31,2,2,2,2,5,2,2,3,2,2,10
"2021_235",38,2,2,3,7,2,2,2,2,3,3,6
"2021_2072",39,2,2,2,2,6,3,2,5,4,3,6
"2021_2074",29,2,2,2,3,6,3,4,2,5,4,4
"2021_3931",33,1,1,2,10,1,3,2,5,1,1,7
"2021_343",27,2,2,2,5,1,2,3,4,3,3,10
"2021_3838",47,1,1,3,12,1,5,2,4,3,2,6
"2021_3339",46,2,3,3,9,6,5,1,3,3,2,6
"2021_2265",35,1,1,2,6,1,5,1,5,1,1,8
"2021_854",28,1,1,4,2,5,2,2,4,1,3,8
"2021_251",26,1,2,2,1,6,1,4,3,5,4,4
"2021_1023",24,1,2,2,6,5,2,1,4,2,2,7
"2021_1641",41,2,3,1,2,5,5,2,3,4,3,6
"2021_2202",37,1,3,3,4,3,2,3,4,5,5,7
"2021_2913",40,1,1,2,11,1,6,1,1,2,1,7
"2021_3799",21,1,3,1,3,5,2,4,3,4,3,6
"2021_3204",29,2,1,3,4,5,3,3,3,3,1,8
"2021_3437",27,2,2,3,11,3,5,2,3,3,3,5
"2021_3596",51,1,1,2,8,1,6,1,5,1,1,1
"2021_3854",36,1,1,3,11,1,6,1,5,2,2,6
"2021_3790",18,1,1,2,2,5,2,4,4,5,2,2
"2021_2837",50,2,2,3,4,1,5,3,3,4,4,6
"2021_1253",35,1,2,3,11,1,5,2,2,2,3,8
"2021_2872",51,2,3,1,2,2,2,3,4,4,4,6
"2021_1125",31,2,3,3,5,5,3,2,4,4,4,6
"2021_795",30,2,3,2,11,4,2,3,3,3,4,6
"2021_3561",40,1,2,2,5,1,5,2,4,3,3,8
"2021_3423",26,2,2,3,2,5,5,1,5,1,1,8
"2021_3640",34,1,1,2,3,1,3,3,4,4,5,4
"2021_3925",34,1,1,2,9,1,6,1,5,1,2,8
"2021_2266",39,1,1,1,12,1,4,3,3,4,3,6
"2021_1819",60,1,2,1,2,1,2,2,2,4,4,5
"2021_3651",34,1,1,2,10,1,6,2,5,1,1,8
"2021_965",58,1,1,2,3,1,3,2,2,1,2,16
"2021_3166",27,2,2,1,3,6,3,2,2,3,3,8
"2021_1348",37,2,4,3,9,1,5,2,2,5,5,7
"2021_1744",28,2,1,2,4,2,1,3,4,4,3,6
"2021_3177",21,2,2,2,2,6,2,1,3,4,3,5
"2021_2327",28,1,3,2,3,5,5,4,3,4,4,5
"2021_3023",25,1,1,3,8,5,5,2,5,4,2,7
"2021_3215",27,2,2,1,5,2,3,3,5,2,3,5
"2021_2040",29,1,3,1,6,5,2,1,4,4,1,8
"2021_3884",19,1,2,2,12,5,2,1,2,3,3,8
"2021_3977",23,2,1,3,10,1,5,1,4,1,1,7
"2021_2292",60,1,3,2,11,1,3,2,4,2,2,7
"2021_3976",18,2,2,2,2,5,4,2,3,2,3,18
"2021_3846",40,1,1,3,9,1,6,2,1,1,1,5
"2021_3892",46,1,1,2,10,1,6,1,4,1,1,8
"2021_439",25,2,2,1,4,5,2,3,4,4,3,4
"2021_891",35,2,2,2,1,3,3,1,3,2,4,5
"2021_762",36,2,1,2,2,1,4,1,5,4,1,8
"2021_1561",36,1,1,2,12,1,5,2,1,1,1,9
"2021_3952",42,1,3,2,8,1,6,1,4,3,3,7
"2021_2987",46,2,1,2,4,1,2,2,3,2,3,7
"2021_997",29,2,1,2,3,5,5,1,4,3,2,6
"2021_3306",23,2,1,2,3,1,2,2,4,2,2,7
"2021_3825",34,1,2,2,5,5,3,2,4,2,2,7
"2021_2705",51,1,2,1,6,5,5,1,3,3,3,7
"2021_844",18,1,2,2,4,5,2,1,4,4,5,4
"2021_3810",28,1,3,1,3,3,3,2,3,2,4,8
"2021_772",30,2,2,2,2,5,2,2,2,4,4,4
"2021_760",44,2,2,3,3,3,2,2,4,4,3,7
"2021_2873",47,2,2,2,2,2,2,1,2,4,3,6
"2021_1542",46,2,1,1,4,1,2,2,2,3,3,8
"2021_3573",45,1,1,5,9,1,6,1,5,1,1,6
"2021_605",32,1,2,1,6,1,4,3,1,3,4,6
"2021_562",46,1,1,2,8,1,2,2,3,3,3,5
"2021_1772",61,2,3,2,9,1,4,2,3,4,3,6
"2021_3750",24,1,2,3,6,5,2,4,3,4,3,5
"2021_3544",35,1,1,2,10,1,2,2,4,2,2,8
"2021_3912",30,1,1,2,7,1,5,2,4,2,2,7
"2021_3929",31,1,2,3,3,5,3,1,4,3,4,7
"2021_1603",58,2,3,2,1,2,2,1,1,1,5,6
"2021_3937",18,2,1,3,1,5,2,2,2,2,2,12
"2021_2328",59,1,3,2,3,4,5,4,2,2,4,6
"2021_1510",23,2,2,2,3,1,2,2,3,4,5,7
"2021_1508",27,2,3,3,3,5,4,1,2,4,3,6
"2021_1211",34,1,2,1,5,1,4,2,1,3,4,5
"2021_913",46,2,2,1,4,5,1,2,3,4,3,4
"2021_2807",51,1,1,2,11,1,6,1,5,3,3,8
"2021_3915",30,1,1,1,9,1,6,2,4,3,3,8
"2021_1907",32,1,2,3,7,1,5,2,2,4,3,7
"2021_941",31,2,3,3,2,1,4,2,3,3,4,5
"2021_849",38,1,3,1,7,5,3,2,5,3,2,5
"2021_3840",41,2,1,3,11,1,5,2,4,2,2,8
"2021_1934",30,2,2,3,5,2,3,2,3,3,3,6
"2021_3885",45,1,1,4,12,1,6,1,5,1,1,6
"2021_1531",54,1,3,1,12,1,5,3,1,4,4,7
"2021_82",63,2,2,1,3,1,3,1,4,3,3,5
"2021_1486",19,2,3,2,1,6,3,4,1,5,5,4
"2021_2109",35,1,4,1,3,5,2,4,1,5,4,8
"2021_1963",53,1,3,1,2,1,2,1,1,4,5,5
"2021_86",20,2,4,3,4,5,2,4,2,5,5,4
"2021_467",35,2,2,2,4,2,2,2,5,3,4,9
"2021_1777",46,1,3,2,3,6,3,2,2,5,3,2
"2021_3603",48,1,1,3,10,1,6,1,2,1,1,5
"2021_1545",35,1,3,3,12,1,5,2,3,5,4,6
"2021_3111",63,2,3,2,3,2,3,1,2,3,3,7
"2021_1794",21,2,3,2,1,5,3,1,1,4,3,7
"2021_3878",39,1,2,2,11,1,6,3,2,2,2,6
"2021_846",24,2,3,2,3,5,2,4,1,5,4,10
"2021_2335",35,1,1,3,9,1,5,1,5,1,1,8
"2021_67",64,2,4,1,3,5,2,1,5,1,1,6
"2021_884",31,2,1,3,2,6,5,2,3,3,1,4
"2021_3186",27,2,1,2,1,5,3,1,1,1,1,8
"2021_3153",45,3,3,1,2,5,6,2,1,5,4,7
"2021_1968",48,2,3,2,3,1,3,1,1,4,5,5
"2021_3476",42,1,1,2,9,1,6,1,5,1,1,8
"2021_2864",50,2,3,1,4,1,3,3,5,4,3,6
"2021_182",35,2,3,2,4,6,5,3,1,4,2,6
"2021_1576",24,2,2,2,5,1,5,1,3,2,5,5
"2021_1332",23,2,4,3,7,5,5,2,1,5,4,5
"2021_36",26,2,3,2,2,6,2,2,3,4,4,3
"2021_553",26,2,3,3,4,6,4,2,3,4,3,7
"2021_2259",31,1,1,2,8,1,6,2,4,3,3,6
"2021_2184",40,1,3,2,3,1,2,2,1,5,5,5
"2021_2888",48,2,3,2,3,2,3,2,4,3,3,6
"2021_318",37,1,1,3,6,1,3,4,2,4,2,5
"2021_1024",31,2,3,1,3,5,3,2,4,3,3,5
"2021_1004",19,1,4,1,3,5,6,4,3,5,5,19
"2021_2609",28,1,1,3,8,1,6,1,5,1,1,8
"2021_288",25,2,4,1,3,2,3,4,1,5,2,4
"2021_1282",18,1,3,3,8,6,1,1,2,5,3,4
"2021_946",30,2,1,1,5,5,3,2,4,5,5,4
"2021_3958",45,1,4,2,7,5,2,4,2,4,3,4
"2021_2752",52,1,3,2,4,3,5,3,4,5,4,6
"2021_668",45,1,1,5,4,1,4,1,5,1,1,8
"2021_1428",36,2,2,2,1,1,4,4,2,2,3,7
"2021_1157",21,2,2,4,3,5,6,2,3,5,3,2
"2021_3370",37,1,1,1,1,5,2,1,1,1,1,8
"2021_525",23,2,2,3,5,5,5,1,3,3,3,8
"2021_958",21,2,1,1,4,6,2,1,1,5,5,24
"2021_169",44,2,3,2,1,4,2,2,1,5,5,3
"2021_10",37,2,1,1,2,1,2,1,2,3,3,6
"2021_3863",39,1,1,2,12,1,6,1,5,1,1,8
"2021_3808",34,1,1,1,7,1,5,3,3,4,3,4
"2021_712",40,2,3,1,8,1,6,3,4,4,4,4
"2021_2424",34,1,2,2,6,1,2,3,4,2,3,6
"2021_304",58,2,4,2,4,1,4,2,2,5,4,5
"2021_3578",46,1,1,3,7,1,6,1,5,1,1,8
"2021_2214",40,1,1,3,10,1,6,1,5,1,1,6
"2021_3555",38,1,1,2,6,1,6,1,4,1,1,8
"2021_2524",48,1,1,3,11,1,5,1,5,2,2,6
"2021_2750",47,1,2,2,6,1,4,2,3,4,3,8
"2021_1162",20,2,1,4,11,1,5,2,1,3,4,24
"2021_1022",27,2,1,3,8,3,5,2,2,1,1,9
"2021_3766",18,1,4,1,3,6,2,2,3,5,5,6
"2021_2191",30,1,1,3,12,1,5,2,5,1,1,8
"2021_2809",46,1,1,2,12,1,6,1,5,1,1,8
"2021_473",29,2,2,2,4,5,4,1,5,4,2,7
"2021_3118",25,2,2,1,3,4,3,2,1,4,3,5
"2021_3853",51,1,1,2,10,1,6,1,5,1,1,9
"2021_2441",32,1,3,2,8,5,3,4,1,5,5,7
"2021_3886",23,1,2,2,12,5,5,1,5,3,2,7
"2021_3241",38,1,1,2,1,5,2,3,3,3,3,8
"2021_3705",23,1,4,1,3,5,4,4,1,5,5,2
"2021_3961",35,1,1,2,8,1,6,1,5,1,1,9
"2021_1887",52,1,2,4,11,1,3,2,4,3,4,8
"2021_888",22,2,2,1,4,5,2,1,4,2,3,6
"2021_2633",48,1,1,2,9,1,6,1,5,1,1,8
"2021_526",20,1,3,1,1,5,2,2,3,4,4,5
"2021_1636",39,2,3,2,2,1,4,1,4,4,3,8
"2021_3319",40,1,1,3,4,5,5,1,5,1,1,4
"2021_2175",31,1,3,1,7,5,5,4,3,5,2,4
"2021_3006",55,1,2,1,8,6,6,4,4,4,4,10
"2021_540",60,1,3,2,3,6,3,2,4,4,3,5
"2021_3093",33,2,2,2,8,1,5,2,4,4,2,8
"2021_3845",42,1,1,3,11,1,6,1,5,1,2,7
"2021_1354",21,1,2,2,4,3,4,2,1,2,2,2
"2021_461",30,2,4,2,1,6,4,3,3,5,5,0
"2021_3619",45,1,1,5,10,1,6,1,5,1,1,8
"2021_3403",54,2,1,2,6,2,3,4,1,5,1,4
"2021_1416",39,1,1,3,12,1,6,1,5,2,2,12
"2021_593",42,2,4,2,3,3,5,4,2,4,4,4
"2021_1391",21,2,4,1,3,5,2,1,1,5,2,5
"2021_1267",21,2,3,2,3,5,4,2,4,4,2,6
"2021_447",20,2,4,1,5,5,3,2,4,5,5,10
"2021_3806",35,2,1,4,12,1,6,1,5,2,2,7
"2021_3633",32,1,1,3,8,1,6,1,5,1,1,7
"2021_2710",30,2,2,1,1,1,5,1,2,1,2,6
"2021_1727",59,1,2,3,6,1,4,3,4,4,4,7
"2021_5",39,1,2,3,6,1,5,2,4,2,2,7
"2021_597",29,2,2,3,2,6,2,2,5,4,3,7
"2021_2163",28,1,3,2,2,5,5,2,2,4,3,4
"2021_3941",21,2,2,2,5,2,3,3,4,5,5,1
"2021_2513",50,1,1,3,5,1,6,1,4,1,1,9
"2021_3683",19,1,1,3,5,5,2,2,2,3,4,6
"2021_2014",62,1,2,3,3,2,2,2,3,3,4,6
"2021_444",18,2,3,1,1,5,1,1,5,5,5,4
"2021_952",35,2,1,1,5,1,5,1,4,1,1,8
"2021_1315",18,2,3,1,4,5,2,3,4,4,3,8
"2021_2468",32,1,2,3,2,1,4,4,4,2,3,9
"2021_3594",33,1,3,2,3,1,3,4,2,5,2,5
"2021_3138",39,2,2,2,12,5,3,2,1,3,3,4
"2021_3796",18,3,3,2,3,6,3,2,4,4,4,5
"2021_3527",41,1,1,3,10,1,5,2,4,2,1,6
"2021_2174",34,1,3,3,3,5,2,1,4,5,4,10
"2021_1566",53,2,2,2,7,1,2,1,5,4,4,5
"2021_3135",35,2,3,2,7,6,3,4,2,4,4,4
"2021_2221",42,1,3,3,6,3,6,2,4,5,5,6
"2021_1911",28,2,3,2,3,5,5,4,2,4,5,3
"2021_1006",19,2,3,1,2,5,3,3,3,4,4,6
"2021_3283",30,1,1,3,11,1,5,1,1,1,1,9
"2021_3628",50,1,2,4,2,1,5,2,4,2,2,7
"2021_1976",36,2,4,1,2,6,2,2,3,5,4,4
"2021_1699",52,1,2,1,12,1,5,1,3,4,4,4
"2021_1514",30,2,3,1,7,1,2,2,2,5,4,4
"2021_3398",48,1,2,3,10,2,2,3,2,2,4,8
"2021_3848",41,1,1,4,9,1,5,1,5,1,1,8
"2021_3227",36,2,2,2,4,3,4,2,3,2,2,8
"2021_3022",28,1,4,2,7,5,4,1,3,5,5,2
"2021_2386",42,1,1,4,11,1,6,2,1,1,2,6
"2021_2151",57,2,3,2,6,4,6,2,2,4,5,4
"2021_2376",30,1,1,2,7,3,3,2,2,4,4,4
"2021_2878",48,1,4,1,2,3,3,2,2,5,5,7
"2021_2360",38,1,1,2,12,1,6,1,1,1,1,8
"2021_2155",40,2,3,2,6,6,3,4,5,5,3,4
"2021_2476",33,1,2,2,4,5,4,1,4,4,3,2
"2021_2562",31,1,2,2,2,2,3,4,4,4,5,3
"2021_3090",43,1,1,1,3,1,4,3,5,1,1,8
"2021_3032",28,2,2,2,3,1,5,3,1,4,4,5
"2021_2976",29,2,4,1,1,1,6,4,5,1,1,4
"2021_2336",39,1,1,3,6,1,5,1,4,3,2,6
"2021_1412",34,2,2,1,4,5,2,2,4,3,4,5
"2021_2188",36,1,2,2,3,5,3,4,4,4,4,7
"2021_1431",30,1,2,2,3,1,6,2,4,1,2,8
"2021_2760",51,1,3,1,7,5,5,4,5,5,2,6
"2021_2333",48,1,1,4,11,1,6,1,5,1,1,6
"2021_454",41,2,3,2,2,1,2,1,2,4,3,4
"2021_416",18,1,1,4,5,5,6,3,5,4,1,8
"2021_2026",36,1,3,2,3,5,3,1,4,5,3,8
"2021_2702",32,1,1,3,9,1,6,1,2,3,3,6
"2021_3447",36,2,2,2,8,6,3,2,3,3,3,8
"2021_2079",32,2,3,3,11,1,5,1,2,5,2,7
"2021_2298",40,1,1,3,11,1,6,1,5,2,1,7
"2021_3591",50,1,1,2,11,1,6,1,1,2,1,4
"2021_1732",37,2,2,2,2,4,1,3,5,4,4,18
"2021_1084",31,2,3,3,2,5,4,3,3,5,3,4
"2021_3969",35,1,1,2,11,1,2,2,5,1,2,5
"2021_2032",58,2,2,2,3,1,2,4,1,3,2,6
"2021_3121",32,2,2,4,3,1,3,2,4,2,2,7
"2021_666",45,2,3,2,7,6,3,1,2,4,3,9
"2021_1716",58,1,2,2,2,1,2,1,3,3,4,9
"2021_2487",49,1,4,2,9,1,2,4,1,5,4,6
"2021_1944",63,2,2,2,4,2,5,2,4,4,3,8
"2021_2957",20,1,1,2,8,1,4,4,4,2,1,5
"2021_2800",53,1,2,1,8,1,6,2,2,1,3,7
"2021_3287",27,1,1,2,3,5,5,1,5,2,2,9
"2021_3337",38,2,3,1,3,5,5,3,1,5,5,4
"2021_911",23,1,2,2,3,6,1,3,1,4,4,6
"2021_2283",26,1,3,1,5,5,3,2,1,5,5,6
"2021_1624",34,1,3,2,12,1,6,4,5,4,3,6
"2021_664",34,1,3,1,6,5,3,1,2,3,4,4
"2021_1409",30,2,2,2,6,5,4,2,4,3,4,6
"2021_769",33,2,4,1,6,1,5,1,3,4,5,7
"2021_3712",20,1,1,1,7,5,5,4,4,5,4,7
"2021_3445",49,2,2,2,3,5,2,2,4,2,2,8
"2021_2246",36,1,1,2,11,1,6,1,5,2,2,7
"2021_1970",32,1,1,2,1,5,2,1,1,5,4,4
"2021_515",55,2,1,2,2,6,6,1,3,1,2,4
"2021_451",38,1,4,1,3,6,3,4,2,5,5,4
"2021_3655",34,1,3,2,6,1,5,1,5,1,1,7
"2021_959",32,2,3,3,4,5,3,2,1,4,4,5
"2021_3974",37,1,1,4,11,1,6,1,5,1,1,7
"2021_3525",50,1,2,3,10,2,4,2,4,4,4,7
"2021_866",18,2,3,2,1,5,1,3,3,5,4,12
"2021_3754",24,1,1,3,6,5,5,3,5,2,2,8
"2021_2934",49,1,2,1,7,1,5,4,1,4,4,9
"2021_137",35,2,2,2,3,6,3,2,5,4,4,5
"2021_2869",48,2,3,2,4,5,3,2,1,4,3,8
"2021_1681",49,2,2,2,5,1,3,2,2,4,3,6
"2021_2979",21,3,3,2,3,6,2,4,3,4,5,6
"2021_3536",40,1,1,2,6,1,6,1,5,1,1,7
"2021_1304",44,2,2,3,8,1,6,3,3,3,3,7
"2021_3577",30,1,3,2,3,6,5,3,1,5,2,8
"2021_2348",35,1,3,2,3,3,3,4,4,5,2,6
"2021_3178",36,2,3,2,7,5,6,1,1,4,3,4
"2021_2775",50,1,3,2,4,6,3,3,4,4,4,9
"2021_3559",41,1,1,5,11,1,6,1,5,1,1,6
"2021_761",45,1,1,2,3,1,2,2,3,5,5,5
"2021_89",46,2,2,2,3,5,2,2,2,2,2,8
"2021_3764",23,1,3,2,3,5,5,4,4,3,5,7
"2021_3902",46,1,1,1,10,1,6,1,1,2,3,7
"2021_3581",49,1,1,2,11,1,6,1,1,1,1,7
"2021_3722",23,1,1,4,10,1,6,2,3,4,4,12
"2021_3735",21,1,4,2,8,6,2,4,2,5,1,5
"2021_2299",28,1,1,2,12,1,6,1,5,1,1,8
"2021_1720",51,1,3,1,1,2,3,1,1,2,5,7
"2021_2359",38,1,2,3,9,1,6,2,5,2,2,8
"2021_2754",32,1,2,2,5,5,5,4,2,4,3,4
"2021_2890",50,1,3,1,2,5,2,4,4,1,3,8
"2021_912",33,1,2,1,1,1,1,4,2,3,3,5
"2021_3216",57,2,3,1,3,2,5,3,5,4,3,5
"2021_2549",46,1,4,2,4,2,2,2,4,4,3,6
"2021_3432",20,2,2,3,2,5,2,2,4,2,2,8
"2021_413",48,2,3,5,5,1,5,1,1,5,4,5
"2021_3749",21,1,4,1,8,6,2,4,2,5,1,5
"2021_2914",53,1,1,2,12,1,6,1,5,1,1,7
"2021_857",25,2,3,2,2,5,1,2,4,4,5,6
"2021_3103",28,1,2,3,3,1,3,2,4,3,4,9
"2021_1168",20,2,1,1,2,6,3,4,1,5,5,8
"2021_1243",34,2,4,1,7,5,5,3,4,4,3,4
"2021_3616",46,1,1,3,12,1,6,1,5,1,1,8
"2021_3891",50,1,1,2,12,1,6,1,5,2,2,7
"2021_3113",40,1,2,2,3,2,2,3,3,5,4,4
"2021_2171",40,2,2,3,6,4,2,2,3,4,3,6
"2021_1001",20,2,2,3,4,3,3,3,3,2,4,3
"2021_501",21,3,3,1,1,3,2,2,3,5,5,8
"2021_3658",25,1,1,3,8,1,6,4,2,1,1,6
"2021_3067",28,1,1,2,1,6,3,4,4,3,1,6
"2021_3487",50,1,3,2,11,1,6,1,2,5,4,8
"2021_2406",31,1,3,2,1,5,3,3,1,3,3,4
"2021_1340",20,2,2,2,3,5,5,2,3,3,3,7
"2021_1547",26,2,2,3,6,5,3,3,4,4,2,9
"2021_3142",26,2,1,2,3,5,3,1,5,1,2,6
"2021_1380",40,2,1,5,1,1,6,1,5,5,1,5
"2021_2640",59,1,3,2,4,1,5,2,4,4,4,5
"2021_2185",49,1,2,3,8,1,2,4,4,3,3,8
"2021_2181",35,1,1,2,3,1,2,2,4,1,3,4
"2021_2362",47,1,3,2,3,2,3,2,2,5,5,3
"2021_1832",25,1,4,2,4,5,2,4,2,5,5,4
"2021_3352",30,1,1,5,2,5,4,1,5,1,1,9
"2021_3521",37,1,2,2,10,1,6,1,1,1,2,7
"2021_3600",51,1,1,4,11,1,6,2,1,1,3,8
"2021_1305",31,2,3,2,2,1,3,3,4,5,4,4
"2021_3661",32,1,3,3,7,6,5,1,1,4,2,3
"2021_362",36,2,2,3,4,2,5,1,2,3,3,7
"2021_995",35,1,1,4,11,1,6,1,5,1,1,19
"2021_1094",20,2,2,2,2,5,3,1,4,4,4,7
"2021_3291",44,2,3,1,3,2,2,4,1,4,3,6
"2021_3682",31,1,2,2,7,5,5,4,4,2,2,8
"2021_3075",45,2,1,3,1,1,2,2,4,1,1,8
"2021_136",58,2,4,2,3,6,5,2,2,5,3,8
"2021_2416",45,1,1,1,5,1,5,2,1,2,2,5
"2021_948",53,2,4,2,4,5,3,1,2,5,2,8
"2021_2338",54,1,2,2,9,1,2,2,4,2,3,6
"2021_928",28,2,2,2,3,5,5,2,2,2,5,6
"2021_1381",18,2,1,1,1,5,2,1,4,2,3,8
"2021_1030",18,2,2,4,5,1,5,3,3,4,4,18
"2021_1664",33,1,2,1,1,6,1,4,2,5,3,8
"2021_3748",24,1,1,3,7,5,5,1,5,1,1,8
"2021_3026",27,1,1,5,12,6,5,3,4,2,1,15
"2021_3191",29,2,1,2,4,1,5,1,5,1,1,10
"2021_991",21,2,1,1,2,5,5,2,3,5,4,6
"2021_811",49,2,2,1,2,1,2,3,3,3,3,7
"2021_976",19,2,3,1,3,5,2,2,3,3,4,9
"2021_785",30,2,2,2,3,1,5,1,3,4,5,8
"2021_3945",19,1,1,5,4,6,6,4,5,1,1,24
"2021_940",39,2,1,1,1,5,2,4,1,3,3,6
"2021_3122",36,2,1,3,5,1,2,1,3,2,2,7
"2021_2141",36,2,3,1,7,6,4,2,4,5,4,4
"2021_3148",45,4,4,2,2,2,6,1,3,5,5,4
"2021_3842",40,1,2,2,11,1,5,2,2,2,2,8
"2021_3388",46,2,1,3,2,5,4,4,5,3,3,8
"2021_1044",27,1,2,3,2,5,2,3,3,3,3,10
